Address,Bit,value,name
0x40001000,0,1,RG_RET_MUX
0x40001000,1,0,reserved
0x40001000,2,0,reserved
0x40001000,3,0,reserved
0x40001000,4,0,reserved
0x40001000,5,0,reserved
0x40001000,6,0,reserved
0x40001000,7,0,reserved
0x40001000,8,0,reserved
0x40001000,9,0,reserved
0x40001000,10,0,reserved
0x40001000,11,0,reserved
0x40001000,12,0,reserved
0x40001000,13,0,reserved
0x40001000,14,0,reserved
0x40001000,15,0,reserved
0x40001000,16,0,reserved
0x40001000,17,0,reserved
0x40001000,18,0,reserved
0x40001000,19,0,reserved
0x40001000,20,0,reserved
0x40001000,21,0,reserved
0x40001000,22,0,reserved
0x40001000,23,0,reserved
0x40001000,24,0,reserved
0x40001000,25,0,reserved
0x40001000,26,0,reserved
0x40001000,27,0,reserved
0x40001000,28,0,reserved
0x40001000,29,0,reserved
0x40001000,30,0,reserved
0x40001000,31,0,reserved
0x40001004,0,0,RG_Slp_En
0x40001004,1,0,RG_Slp_Mode
0x40001004,2,0,RG_early_wakeup_en
0x40001004,3,0,reserved
0x40001004,4,0,reserved
0x40001004,5,0,reserved
0x40001004,6,0,reserved
0x40001004,7,0,reserved
0x40001004,8,0,reserved
0x40001004,9,0,reserved
0x40001004,10,0,reserved
0x40001004,11,0,reserved
0x40001004,12,0,reserved
0x40001004,13,0,reserved
0x40001004,14,0,reserved
0x40001004,15,0,reserved
0x40001004,16,0,reserved
0x40001004,17,0,reserved
0x40001004,18,0,reserved
0x40001004,19,0,reserved
0x40001004,20,0,reserved
0x40001004,21,0,reserved
0x40001004,22,0,reserved
0x40001004,23,0,reserved
0x40001004,24,0,reserved
0x40001004,25,0,reserved
0x40001004,26,0,reserved
0x40001004,27,0,reserved
0x40001004,28,0,reserved
0x40001004,29,0,reserved
0x40001004,30,0,reserved
0x40001004,31,0,reserved
0x40001008,0,0,RG_32K_OSC_SEL
0x40001008,1,1,RG_RTC_EN
0x40001008,2,0,reserved
0x40001008,3,0,reserved
0x40001008,4,0,reserved
0x40001008,5,0,reserved
0x40001008,6,0,reserved
0x40001008,7,0,reserved
0x40001008,8,0,reserved
0x40001008,9,0,reserved
0x40001008,10,0,reserved
0x40001008,11,0,reserved
0x40001008,12,0,reserved
0x40001008,13,0,reserved
0x40001008,14,0,reserved
0x40001008,15,0,reserved
0x40001008,16,0,reserved
0x40001008,17,0,reserved
0x40001008,18,0,reserved
0x40001008,19,0,reserved
0x40001008,20,0,reserved
0x40001008,21,0,reserved
0x40001008,22,0,reserved
0x40001008,23,0,reserved
0x40001008,24,0,reserved
0x40001008,25,0,reserved
0x40001008,26,0,reserved
0x40001008,27,0,reserved
0x40001008,28,0,reserved
0x40001008,29,0,reserved
0x40001008,30,0,reserved
0x40001008,31,0,reserved
0x4000100c,0,0,RG_SLP_TIMER_CURRENT_0
0x4000100c,1,0,RG_SLP_TIMER_CURRENT_0
0x4000100c,2,0,RG_SLP_TIMER_CURRENT_0
0x4000100c,3,0,RG_SLP_TIMER_CURRENT_0
0x4000100c,4,0,RG_SLP_TIMER_CURRENT_0
0x4000100c,5,0,RG_SLP_TIMER_CURRENT_0
0x4000100c,6,0,RG_SLP_TIMER_CURRENT_0
0x4000100c,7,0,RG_SLP_TIMER_CURRENT_0
0x4000100c,8,0,RG_SLP_TIMER_CURRENT_0
0x4000100c,9,0,RG_SLP_TIMER_CURRENT_0
0x4000100c,10,0,RG_SLP_TIMER_CURRENT_0
0x4000100c,11,0,RG_SLP_TIMER_CURRENT_0
0x4000100c,12,0,RG_SLP_TIMER_CURRENT_0
0x4000100c,13,0,RG_SLP_TIMER_CURRENT_0
0x4000100c,14,0,RG_SLP_TIMER_CURRENT_0
0x4000100c,15,0,RG_SLP_TIMER_CURRENT_0
0x4000100c,16,0,RG_SLP_TIMER_CURRENT_0
0x4000100c,17,0,RG_SLP_TIMER_CURRENT_0
0x4000100c,18,0,RG_SLP_TIMER_CURRENT_0
0x4000100c,19,0,RG_SLP_TIMER_CURRENT_0
0x4000100c,20,0,RG_SLP_TIMER_CURRENT_0
0x4000100c,21,0,RG_SLP_TIMER_CURRENT_0
0x4000100c,22,0,RG_SLP_TIMER_CURRENT_0
0x4000100c,23,0,RG_SLP_TIMER_CURRENT_0
0x4000100c,24,0,RG_SLP_TIMER_CURRENT_0
0x4000100c,25,0,RG_SLP_TIMER_CURRENT_0
0x4000100c,26,0,RG_SLP_TIMER_CURRENT_0
0x4000100c,27,0,RG_SLP_TIMER_CURRENT_0
0x4000100c,28,0,RG_SLP_TIMER_CURRENT_0
0x4000100c,29,0,RG_SLP_TIMER_CURRENT_0
0x4000100c,30,0,RG_SLP_TIMER_CURRENT_0
0x4000100c,31,0,RG_SLP_TIMER_CURRENT_0
0x40001010,0,0,RG_SLP_TIMER_CURRENT_1
0x40001010,1,0,RG_SLP_TIMER_CURRENT_1
0x40001010,2,0,RG_SLP_TIMER_CURRENT_1
0x40001010,3,0,RG_SLP_TIMER_CURRENT_1
0x40001010,4,0,RG_SLP_TIMER_CURRENT_1
0x40001010,5,0,reserved
0x40001010,6,0,reserved
0x40001010,7,0,reserved
0x40001010,8,0,reserved
0x40001010,9,0,reserved
0x40001010,10,0,reserved
0x40001010,11,0,reserved
0x40001010,12,0,reserved
0x40001010,13,0,reserved
0x40001010,14,0,reserved
0x40001010,15,0,reserved
0x40001010,16,0,reserved
0x40001010,17,0,reserved
0x40001010,18,0,reserved
0x40001010,19,0,reserved
0x40001010,20,0,reserved
0x40001010,21,0,reserved
0x40001010,22,0,reserved
0x40001010,23,0,reserved
0x40001010,24,0,reserved
0x40001010,25,0,reserved
0x40001010,26,0,reserved
0x40001010,27,0,reserved
0x40001010,28,0,reserved
0x40001010,29,0,reserved
0x40001010,30,0,reserved
0x40001010,31,0,reserved
0x40001014,0,0,RG_SLP_TIMER_PRESET_0
0x40001014,1,0,RG_SLP_TIMER_PRESET_0
0x40001014,2,0,RG_SLP_TIMER_PRESET_0
0x40001014,3,0,RG_SLP_TIMER_PRESET_0
0x40001014,4,0,RG_SLP_TIMER_PRESET_0
0x40001014,5,0,RG_SLP_TIMER_PRESET_0
0x40001014,6,0,RG_SLP_TIMER_PRESET_0
0x40001014,7,0,RG_SLP_TIMER_PRESET_0
0x40001014,8,0,RG_SLP_TIMER_PRESET_0
0x40001014,9,0,RG_SLP_TIMER_PRESET_0
0x40001014,10,0,RG_SLP_TIMER_PRESET_0
0x40001014,11,0,RG_SLP_TIMER_PRESET_0
0x40001014,12,0,RG_SLP_TIMER_PRESET_0
0x40001014,13,0,RG_SLP_TIMER_PRESET_0
0x40001014,14,0,RG_SLP_TIMER_PRESET_0
0x40001014,15,0,RG_SLP_TIMER_PRESET_0
0x40001014,16,0,RG_SLP_TIMER_PRESET_0
0x40001014,17,0,RG_SLP_TIMER_PRESET_0
0x40001014,18,0,RG_SLP_TIMER_PRESET_0
0x40001014,19,0,RG_SLP_TIMER_PRESET_0
0x40001014,20,0,RG_SLP_TIMER_PRESET_0
0x40001014,21,0,RG_SLP_TIMER_PRESET_0
0x40001014,22,0,RG_SLP_TIMER_PRESET_0
0x40001014,23,0,RG_SLP_TIMER_PRESET_0
0x40001014,24,0,RG_SLP_TIMER_PRESET_0
0x40001014,25,0,RG_SLP_TIMER_PRESET_0
0x40001014,26,0,RG_SLP_TIMER_PRESET_0
0x40001014,27,0,RG_SLP_TIMER_PRESET_0
0x40001014,28,0,RG_SLP_TIMER_PRESET_0
0x40001014,29,0,RG_SLP_TIMER_PRESET_0
0x40001014,30,0,RG_SLP_TIMER_PRESET_0
0x40001014,31,0,RG_SLP_TIMER_PRESET_0
0x40001018,0,0,RG_SLP_TIMER_PRESET_1
0x40001018,1,0,RG_SLP_TIMER_PRESET_1
0x40001018,2,0,RG_SLP_TIMER_PRESET_1
0x40001018,3,0,RG_SLP_TIMER_PRESET_1
0x40001018,4,0,RG_SLP_TIMER_PRESET_1
0x40001018,5,0,reserved
0x40001018,6,0,reserved
0x40001018,7,0,reserved
0x40001018,8,0,reserved
0x40001018,9,0,reserved
0x40001018,10,0,reserved
0x40001018,11,0,reserved
0x40001018,12,0,reserved
0x40001018,13,0,reserved
0x40001018,14,0,reserved
0x40001018,15,0,reserved
0x40001018,16,0,reserved
0x40001018,17,0,reserved
0x40001018,18,0,reserved
0x40001018,19,0,reserved
0x40001018,20,0,reserved
0x40001018,21,0,reserved
0x40001018,22,0,reserved
0x40001018,23,0,reserved
0x40001018,24,0,reserved
0x40001018,25,0,reserved
0x40001018,26,0,reserved
0x40001018,27,0,reserved
0x40001018,28,0,reserved
0x40001018,29,0,reserved
0x40001018,30,0,reserved
0x40001018,31,0,reserved
0x4000101c,0,0,RG_PS_TIMER_PRESET
0x4000101c,1,0,RG_PS_TIMER_PRESET
0x4000101c,2,0,RG_PS_TIMER_PRESET
0x4000101c,3,0,RG_PS_TIMER_PRESET
0x4000101c,4,0,RG_PS_TIMER_PRESET
0x4000101c,5,0,RG_PS_TIMER_PRESET
0x4000101c,6,0,RG_PS_TIMER_PRESET
0x4000101c,7,0,RG_PS_TIMER_PRESET
0x4000101c,8,0,RG_PS_TIMER_PRESET
0x4000101c,9,0,RG_PS_TIMER_PRESET
0x4000101c,10,0,reserved
0x4000101c,11,0,reserved
0x4000101c,12,0,reserved
0x4000101c,13,0,reserved
0x4000101c,14,0,reserved
0x4000101c,15,0,reserved
0x4000101c,16,0,reserved
0x4000101c,17,0,reserved
0x4000101c,18,0,reserved
0x4000101c,19,0,reserved
0x4000101c,20,0,reserved
0x4000101c,21,0,reserved
0x4000101c,22,0,reserved
0x4000101c,23,0,reserved
0x4000101c,24,0,reserved
0x4000101c,25,0,reserved
0x4000101c,26,0,reserved
0x4000101c,27,0,reserved
0x4000101c,28,0,reserved
0x4000101c,29,0,reserved
0x4000101c,30,0,reserved
0x4000101c,31,0,reserved
0x40001020,0,1,RG_RET_SF_VAL_CTL
0x40001020,1,1,RG_RET_SF_VAL_CTL
0x40001020,2,0,RG_RET_SF_VAL_CTL
0x40001020,3,0,RG_RET_SF_VAL_CTL
0x40001020,4,0,reserved
0x40001020,5,0,reserved
0x40001020,6,0,reserved
0x40001020,7,0,reserved
0x40001020,8,0,reserved
0x40001020,9,0,reserved
0x40001020,10,0,reserved
0x40001020,11,0,reserved
0x40001020,12,0,reserved
0x40001020,13,0,reserved
0x40001020,14,0,reserved
0x40001020,15,0,reserved
0x40001020,16,0,reserved
0x40001020,17,0,reserved
0x40001020,18,0,reserved
0x40001020,19,0,reserved
0x40001020,20,0,reserved
0x40001020,21,0,reserved
0x40001020,22,0,reserved
0x40001020,23,0,reserved
0x40001020,24,0,reserved
0x40001020,25,0,reserved
0x40001020,26,0,reserved
0x40001020,27,0,reserved
0x40001020,28,0,reserved
0x40001020,29,0,reserved
0x40001020,30,0,reserved
0x40001020,31,0,reserved
0x40001024,0,0,RG_PMU_SF_VAL_CTL
0x40001024,1,1,RG_PMU_SF_VAL_CTL
0x40001024,2,1,RG_PMU_SF_VAL_CTL
0x40001024,3,0,reserved
0x40001024,4,0,reserved
0x40001024,5,0,reserved
0x40001024,6,0,reserved
0x40001024,7,0,reserved
0x40001024,8,0,reserved
0x40001024,9,0,reserved
0x40001024,10,0,reserved
0x40001024,11,0,reserved
0x40001024,12,0,reserved
0x40001024,13,0,reserved
0x40001024,14,0,reserved
0x40001024,15,0,reserved
0x40001024,16,0,reserved
0x40001024,17,0,reserved
0x40001024,18,0,reserved
0x40001024,19,0,reserved
0x40001024,20,0,reserved
0x40001024,21,0,reserved
0x40001024,22,0,reserved
0x40001024,23,0,reserved
0x40001024,24,0,reserved
0x40001024,25,0,reserved
0x40001024,26,0,reserved
0x40001024,27,0,reserved
0x40001024,28,0,reserved
0x40001024,29,0,reserved
0x40001024,30,0,reserved
0x40001024,31,0,reserved
0x40001028,0,1,RG_HPBG_CAL
0x40001028,1,0,RG_HPBG_CAL
0x40001028,2,0,RG_CBC_EN
0x40001028,3,0,RG_CBC_IBIAS
0x40001028,4,0,RG_CBC_IBIAS
0x40001028,5,0,RG_CBC_IBIAS
0x40001028,6,0,RG_CBC_IBIAS
0x40001028,7,1,RG_CBC_IBIAS
0x40001028,8,0,RG_BUCK_IBIAS
0x40001028,9,0,RG_BUCK_IBIAS
0x40001028,10,0,RG_BUCK_IBIAS
0x40001028,11,1,RG_BUCK_IBIAS
0x40001028,12,0,RG_PTAT_10U
0x40001028,13,0,RG_PTAT_10U
0x40001028,14,0,RG_PTAT_10U
0x40001028,15,0,RG_PTAT_10U
0x40001028,16,1,RG_PTAT_10U
0x40001028,17,0,RG_PTAT_EN
0x40001028,18,0,RG_TEMP_SEN_EN
0x40001028,19,0,RG_CBC_EN_M
0x40001028,20,0,reserved
0x40001028,21,0,reserved
0x40001028,22,0,reserved
0x40001028,23,0,reserved
0x40001028,24,0,reserved
0x40001028,25,0,reserved
0x40001028,26,0,reserved
0x40001028,27,0,reserved
0x40001028,28,0,reserved
0x40001028,29,0,reserved
0x40001028,30,0,reserved
0x40001028,31,0,reserved
0x4000102c,0,1,RG_LPBG_CAL
0x4000102c,1,0,RG_LPBG_CAL
0x4000102c,2,0,reserved
0x4000102c,3,0,reserved
0x4000102c,4,0,reserved
0x4000102c,5,0,reserved
0x4000102c,6,0,reserved
0x4000102c,7,0,reserved
0x4000102c,8,0,reserved
0x4000102c,9,0,reserved
0x4000102c,10,0,reserved
0x4000102c,11,0,reserved
0x4000102c,12,0,reserved
0x4000102c,13,0,reserved
0x4000102c,14,0,reserved
0x4000102c,15,0,reserved
0x4000102c,16,0,reserved
0x4000102c,17,0,reserved
0x4000102c,18,0,reserved
0x4000102c,19,0,reserved
0x4000102c,20,0,reserved
0x4000102c,21,0,reserved
0x4000102c,22,0,reserved
0x4000102c,23,0,reserved
0x4000102c,24,0,reserved
0x4000102c,25,0,reserved
0x4000102c,26,0,reserved
0x4000102c,27,0,reserved
0x4000102c,28,0,reserved
0x4000102c,29,0,reserved
0x4000102c,30,0,reserved
0x4000102c,31,0,reserved
0x40001030,0,0,RG_BUCK_DELAY
0x40001030,1,0,RG_BUCK_DELAY
0x40001030,2,0,reserved
0x40001030,3,0,RG_BUCK_FC
0x40001030,4,0,RG_BUCK_FC
0x40001030,5,1,RG_BUCK_FC
0x40001030,6,0,RG_BUCK_FI
0x40001030,7,0,RG_BUCK_FI
0x40001030,8,1,RG_BUCK_FI
0x40001030,9,1,RG_BUCK_OTA_HS
0x40001030,10,1,RG_BUCK_PWM_HS
0x40001030,11,0,reserved
0x40001030,12,0,reserved
0x40001030,13,0,reserved
0x40001030,14,0,reserved
0x40001030,15,1,RG_BUCK_MODE
0x40001030,16,0,reserved
0x40001030,17,0,reserved
0x40001030,18,0,RG_BUCK_ZRC_EN
0x40001030,19,1,RG_BUCK_V1D3_VAL_CTL
0x40001030,20,0,RG_BUCK_V1D3_VAL_CTL
0x40001030,21,0,RG_BUCK_V1D1_VAL_CTL
0x40001030,22,0,RG_BUCK_V1D1_VAL_CTL
0x40001030,23,1,RG_BUCK_V1D1_VAL_CTL
0x40001030,24,0,reserved
0x40001030,25,0,reserved
0x40001030,26,0,reserved
0x40001030,27,0,reserved
0x40001030,28,0,reserved
0x40001030,29,0,reserved
0x40001030,30,0,reserved
0x40001030,31,0,reserved
0x40001034,0,0,RG_ON1_TIME_C
0x40001034,1,0,RG_ON1_TIME_C
0x40001034,2,0,RG_ON1_TIME_C
0x40001034,3,0,RG_ON1_TIME_C
0x40001034,4,0,RG_ON1_TIME_C
0x40001034,5,0,RG_ON1_TIME_C
0x40001034,6,0,RG_ON1_TIME_C
0x40001034,7,0,RG_ON1_TIME_C
0x40001034,8,0,RG_ON1_TIME_C
0x40001034,9,0,RG_ON1_TIME_C
0x40001034,10,0,RG_ON1_TIME_C
0x40001034,11,0,RG_ON1_TIME_C
0x40001034,12,0,RG_ON1_TIME_C
0x40001034,13,0,RG_ON1_TIME_C
0x40001034,14,0,RG_ON1_TIME_C
0x40001034,15,0,RG_ON1_TIME_C
0x40001034,16,0,RG_ON1_TIME_C
0x40001034,17,0,reserved
0x40001034,18,0,reserved
0x40001034,19,0,reserved
0x40001034,20,0,reserved
0x40001034,21,0,reserved
0x40001034,22,0,reserved
0x40001034,23,0,reserved
0x40001034,24,0,reserved
0x40001034,25,0,reserved
0x40001034,26,0,reserved
0x40001034,27,0,reserved
0x40001034,28,0,reserved
0x40001034,29,0,reserved
0x40001034,30,0,reserved
0x40001034,31,0,reserved
0x40001038,0,0,RG_ON2_TIME_C
0x40001038,1,0,RG_ON2_TIME_C
0x40001038,2,0,RG_ON2_TIME_C
0x40001038,3,0,RG_ON2_TIME_C
0x40001038,4,0,RG_ON2_TIME_C
0x40001038,5,0,RG_ON2_TIME_C
0x40001038,6,0,RG_ON2_TIME_C
0x40001038,7,0,RG_ON2_TIME_C
0x40001038,8,0,RG_ON2_TIME_C
0x40001038,9,0,RG_ON2_TIME_C
0x40001038,10,0,RG_ON2_TIME_C
0x40001038,11,0,RG_ON2_TIME_C
0x40001038,12,0,RG_ON2_TIME_C
0x40001038,13,0,RG_ON2_TIME_C
0x40001038,14,0,RG_ON2_TIME_C
0x40001038,15,0,RG_ON2_TIME_C
0x40001038,16,0,RG_ON2_TIME_C
0x40001038,17,0,reserved
0x40001038,18,0,reserved
0x40001038,19,0,reserved
0x40001038,20,0,reserved
0x40001038,21,0,reserved
0x40001038,22,0,reserved
0x40001038,23,0,reserved
0x40001038,24,0,reserved
0x40001038,25,0,reserved
0x40001038,26,0,reserved
0x40001038,27,0,reserved
0x40001038,28,0,reserved
0x40001038,29,0,reserved
0x40001038,30,0,reserved
0x40001038,31,0,reserved
0x4000103c,0,0,RG_ON3_TIME_C
0x4000103c,1,0,RG_ON3_TIME_C
0x4000103c,2,0,RG_ON3_TIME_C
0x4000103c,3,0,RG_ON3_TIME_C
0x4000103c,4,0,RG_ON3_TIME_C
0x4000103c,5,0,RG_ON3_TIME_C
0x4000103c,6,0,RG_ON3_TIME_C
0x4000103c,7,0,RG_ON3_TIME_C
0x4000103c,8,0,RG_ON3_TIME_C
0x4000103c,9,0,RG_ON3_TIME_C
0x4000103c,10,0,RG_ON3_TIME_C
0x4000103c,11,0,RG_ON3_TIME_C
0x4000103c,12,0,RG_ON3_TIME_C
0x4000103c,13,0,RG_ON3_TIME_C
0x4000103c,14,0,RG_ON3_TIME_C
0x4000103c,15,0,RG_ON3_TIME_C
0x4000103c,16,0,RG_ON3_TIME_C
0x4000103c,17,0,reserved
0x4000103c,18,0,reserved
0x4000103c,19,0,reserved
0x4000103c,20,0,reserved
0x4000103c,21,0,reserved
0x4000103c,22,0,reserved
0x4000103c,23,0,reserved
0x4000103c,24,0,reserved
0x4000103c,25,0,reserved
0x4000103c,26,0,reserved
0x4000103c,27,0,reserved
0x4000103c,28,0,reserved
0x4000103c,29,0,reserved
0x4000103c,30,0,reserved
0x4000103c,31,0,reserved
0x40001040,0,0,RG_ON4_TIME_C
0x40001040,1,0,RG_ON4_TIME_C
0x40001040,2,0,RG_ON4_TIME_C
0x40001040,3,0,RG_ON4_TIME_C
0x40001040,4,0,RG_ON4_TIME_C
0x40001040,5,0,RG_ON4_TIME_C
0x40001040,6,0,RG_ON4_TIME_C
0x40001040,7,0,RG_ON4_TIME_C
0x40001040,8,0,RG_ON4_TIME_C
0x40001040,9,0,RG_ON4_TIME_C
0x40001040,10,0,RG_ON4_TIME_C
0x40001040,11,0,RG_ON4_TIME_C
0x40001040,12,0,RG_ON4_TIME_C
0x40001040,13,0,RG_ON4_TIME_C
0x40001040,14,0,RG_ON4_TIME_C
0x40001040,15,0,RG_ON4_TIME_C
0x40001040,16,0,RG_ON4_TIME_C
0x40001040,17,0,reserved
0x40001040,18,0,reserved
0x40001040,19,0,reserved
0x40001040,20,0,reserved
0x40001040,21,0,reserved
0x40001040,22,0,reserved
0x40001040,23,0,reserved
0x40001040,24,0,reserved
0x40001040,25,0,reserved
0x40001040,26,0,reserved
0x40001040,27,0,reserved
0x40001040,28,0,reserved
0x40001040,29,0,reserved
0x40001040,30,0,reserved
0x40001040,31,0,reserved
0x40001044,0,0,RG_ON5_TIME_C
0x40001044,1,0,RG_ON5_TIME_C
0x40001044,2,0,RG_ON5_TIME_C
0x40001044,3,0,RG_ON5_TIME_C
0x40001044,4,0,RG_ON5_TIME_C
0x40001044,5,0,RG_ON5_TIME_C
0x40001044,6,0,RG_ON5_TIME_C
0x40001044,7,0,RG_ON5_TIME_C
0x40001044,8,0,RG_ON5_TIME_C
0x40001044,9,0,RG_ON5_TIME_C
0x40001044,10,0,RG_ON5_TIME_C
0x40001044,11,0,RG_ON5_TIME_C
0x40001044,12,0,RG_ON5_TIME_C
0x40001044,13,0,RG_ON5_TIME_C
0x40001044,14,0,RG_ON5_TIME_C
0x40001044,15,0,RG_ON5_TIME_C
0x40001044,16,0,RG_ON5_TIME_C
0x40001044,17,0,reserved
0x40001044,18,0,reserved
0x40001044,19,0,reserved
0x40001044,20,0,reserved
0x40001044,21,0,reserved
0x40001044,22,0,reserved
0x40001044,23,0,reserved
0x40001044,24,0,reserved
0x40001044,25,0,reserved
0x40001044,26,0,reserved
0x40001044,27,0,reserved
0x40001044,28,0,reserved
0x40001044,29,0,reserved
0x40001044,30,0,reserved
0x40001044,31,0,reserved
0x40001048,0,0,RG_ON6_TIME_C
0x40001048,1,0,RG_ON6_TIME_C
0x40001048,2,0,RG_ON6_TIME_C
0x40001048,3,0,RG_ON6_TIME_C
0x40001048,4,0,RG_ON6_TIME_C
0x40001048,5,0,RG_ON6_TIME_C
0x40001048,6,0,RG_ON6_TIME_C
0x40001048,7,0,RG_ON6_TIME_C
0x40001048,8,0,RG_ON6_TIME_C
0x40001048,9,0,RG_ON6_TIME_C
0x40001048,10,0,RG_ON6_TIME_C
0x40001048,11,0,RG_ON6_TIME_C
0x40001048,12,0,RG_ON6_TIME_C
0x40001048,13,0,RG_ON6_TIME_C
0x40001048,14,0,RG_ON6_TIME_C
0x40001048,15,0,RG_ON6_TIME_C
0x40001048,16,0,RG_ON6_TIME_C
0x40001048,17,0,reserved
0x40001048,18,0,reserved
0x40001048,19,0,reserved
0x40001048,20,0,reserved
0x40001048,21,0,reserved
0x40001048,22,0,reserved
0x40001048,23,0,reserved
0x40001048,24,0,reserved
0x40001048,25,0,reserved
0x40001048,26,0,reserved
0x40001048,27,0,reserved
0x40001048,28,0,reserved
0x40001048,29,0,reserved
0x40001048,30,0,reserved
0x40001048,31,0,reserved
0x4000104c,0,0,RG_ON7_TIME_C
0x4000104c,1,0,RG_ON7_TIME_C
0x4000104c,2,0,RG_ON7_TIME_C
0x4000104c,3,0,RG_ON7_TIME_C
0x4000104c,4,0,RG_ON7_TIME_C
0x4000104c,5,0,RG_ON7_TIME_C
0x4000104c,6,0,RG_ON7_TIME_C
0x4000104c,7,0,RG_ON7_TIME_C
0x4000104c,8,0,RG_ON7_TIME_C
0x4000104c,9,0,RG_ON7_TIME_C
0x4000104c,10,0,RG_ON7_TIME_C
0x4000104c,11,0,RG_ON7_TIME_C
0x4000104c,12,0,RG_ON7_TIME_C
0x4000104c,13,0,RG_ON7_TIME_C
0x4000104c,14,0,RG_ON7_TIME_C
0x4000104c,15,0,RG_ON7_TIME_C
0x4000104c,16,0,RG_ON7_TIME_C
0x4000104c,17,0,reserved
0x4000104c,18,0,reserved
0x4000104c,19,0,reserved
0x4000104c,20,0,reserved
0x4000104c,21,0,reserved
0x4000104c,22,0,reserved
0x4000104c,23,0,reserved
0x4000104c,24,0,reserved
0x4000104c,25,0,reserved
0x4000104c,26,0,reserved
0x4000104c,27,0,reserved
0x4000104c,28,0,reserved
0x4000104c,29,0,reserved
0x4000104c,30,0,reserved
0x4000104c,31,0,reserved
0x40001050,0,0,RG_CPOR_N_ON_TIME_C
0x40001050,1,0,RG_CPOR_N_ON_TIME_C
0x40001050,2,0,RG_CPOR_N_ON_TIME_C
0x40001050,3,0,RG_CPOR_N_ON_TIME_C
0x40001050,4,0,RG_CPOR_N_ON_TIME_C
0x40001050,5,0,RG_CPOR_N_ON_TIME_C
0x40001050,6,0,RG_CPOR_N_ON_TIME_C
0x40001050,7,0,RG_CPOR_N_ON_TIME_C
0x40001050,8,0,RG_CPOR_N_ON_TIME_C
0x40001050,9,0,RG_CPOR_N_ON_TIME_C
0x40001050,10,0,RG_CPOR_N_ON_TIME_C
0x40001050,11,0,reserved
0x40001050,12,0,reserved
0x40001050,13,0,reserved
0x40001050,14,0,reserved
0x40001050,15,0,reserved
0x40001050,16,0,reserved
0x40001050,17,0,reserved
0x40001050,18,0,reserved
0x40001050,19,0,reserved
0x40001050,20,0,reserved
0x40001050,21,0,reserved
0x40001050,22,0,reserved
0x40001050,23,0,reserved
0x40001050,24,0,reserved
0x40001050,25,0,reserved
0x40001050,26,0,reserved
0x40001050,27,0,reserved
0x40001050,28,0,reserved
0x40001050,29,0,reserved
0x40001050,30,0,reserved
0x40001050,31,0,reserved
0x40001058,0,0,RG_SPS_TIMER_PRESET
0x40001058,1,0,RG_SPS_TIMER_PRESET
0x40001058,2,0,RG_SPS_TIMER_PRESET
0x40001058,3,0,RG_SPS_TIMER_PRESET
0x40001058,4,0,RG_SPS_TIMER_PRESET
0x40001058,5,0,RG_SPS_TIMER_PRESET
0x40001058,6,0,RG_SPS_TIMER_PRESET
0x40001058,7,0,RG_SPS_TIMER_PRESET
0x40001058,8,0,RG_SPS_TIMER_PRESET
0x40001058,9,0,RG_SPS_TIMER_PRESET
0x40001058,10,0,reserved
0x40001058,11,0,reserved
0x40001058,12,0,reserved
0x40001058,13,0,reserved
0x40001058,14,0,reserved
0x40001058,15,0,reserved
0x40001058,16,0,reserved
0x40001058,17,0,reserved
0x40001058,18,0,reserved
0x40001058,19,0,reserved
0x40001058,20,0,reserved
0x40001058,21,0,reserved
0x40001058,22,0,reserved
0x40001058,23,0,reserved
0x40001058,24,0,reserved
0x40001058,25,0,reserved
0x40001058,26,0,reserved
0x40001058,27,0,reserved
0x40001058,28,0,reserved
0x40001058,29,0,reserved
0x40001058,30,0,reserved
0x40001058,31,0,reserved
0x4000105c,0,0,RG_SON1_TIME_C
0x4000105c,1,0,RG_SON1_TIME_C
0x4000105c,2,0,RG_SON1_TIME_C
0x4000105c,3,0,RG_SON1_TIME_C
0x4000105c,4,0,RG_SON1_TIME_C
0x4000105c,5,0,RG_SON1_TIME_C
0x4000105c,6,0,RG_SON1_TIME_C
0x4000105c,7,0,RG_SON1_TIME_C
0x4000105c,8,0,RG_SON1_TIME_C
0x4000105c,9,0,RG_SON1_TIME_C
0x4000105c,10,0,RG_SON1_TIME_C
0x4000105c,11,0,RG_SON1_TIME_C
0x4000105c,12,0,RG_SON1_TIME_C
0x4000105c,13,0,RG_SON1_TIME_C
0x4000105c,14,0,RG_SON1_TIME_C
0x4000105c,15,0,RG_SON1_TIME_C
0x4000105c,16,0,RG_SON1_TIME_C
0x4000105c,17,0,reserved
0x4000105c,18,0,reserved
0x4000105c,19,0,reserved
0x4000105c,20,0,reserved
0x4000105c,21,0,reserved
0x4000105c,22,0,reserved
0x4000105c,23,0,reserved
0x4000105c,24,0,reserved
0x4000105c,25,0,reserved
0x4000105c,26,0,reserved
0x4000105c,27,0,reserved
0x4000105c,28,0,reserved
0x4000105c,29,0,reserved
0x4000105c,30,0,reserved
0x4000105c,31,0,reserved
0x40001060,0,0,RG_SON2_TIME_C
0x40001060,1,0,RG_SON2_TIME_C
0x40001060,2,0,RG_SON2_TIME_C
0x40001060,3,0,RG_SON2_TIME_C
0x40001060,4,0,RG_SON2_TIME_C
0x40001060,5,0,RG_SON2_TIME_C
0x40001060,6,0,RG_SON2_TIME_C
0x40001060,7,0,RG_SON2_TIME_C
0x40001060,8,0,RG_SON2_TIME_C
0x40001060,9,0,RG_SON2_TIME_C
0x40001060,10,0,RG_SON2_TIME_C
0x40001060,11,0,RG_SON2_TIME_C
0x40001060,12,0,RG_SON2_TIME_C
0x40001060,13,0,RG_SON2_TIME_C
0x40001060,14,0,RG_SON2_TIME_C
0x40001060,15,0,RG_SON2_TIME_C
0x40001060,16,0,RG_SON2_TIME_C
0x40001060,17,0,reserved
0x40001060,18,0,reserved
0x40001060,19,0,reserved
0x40001060,20,0,reserved
0x40001060,21,0,reserved
0x40001060,22,0,reserved
0x40001060,23,0,reserved
0x40001060,24,0,reserved
0x40001060,25,0,reserved
0x40001060,26,0,reserved
0x40001060,27,0,reserved
0x40001060,28,0,reserved
0x40001060,29,0,reserved
0x40001060,30,0,reserved
0x40001060,31,0,reserved
0x40001064,0,0,RG_SON3_TIME_C
0x40001064,1,0,RG_SON3_TIME_C
0x40001064,2,0,RG_SON3_TIME_C
0x40001064,3,0,RG_SON3_TIME_C
0x40001064,4,0,RG_SON3_TIME_C
0x40001064,5,0,RG_SON3_TIME_C
0x40001064,6,0,RG_SON3_TIME_C
0x40001064,7,0,RG_SON3_TIME_C
0x40001064,8,0,RG_SON3_TIME_C
0x40001064,9,0,RG_SON3_TIME_C
0x40001064,10,0,RG_SON3_TIME_C
0x40001064,11,0,RG_SON3_TIME_C
0x40001064,12,0,RG_SON3_TIME_C
0x40001064,13,0,RG_SON3_TIME_C
0x40001064,14,0,RG_SON3_TIME_C
0x40001064,15,0,RG_SON3_TIME_C
0x40001064,16,0,RG_SON3_TIME_C
0x40001064,17,0,reserved
0x40001064,18,0,reserved
0x40001064,19,0,reserved
0x40001064,20,0,reserved
0x40001064,21,0,reserved
0x40001064,22,0,reserved
0x40001064,23,0,reserved
0x40001064,24,0,reserved
0x40001064,25,0,reserved
0x40001064,26,0,reserved
0x40001064,27,0,reserved
0x40001064,28,0,reserved
0x40001064,29,0,reserved
0x40001064,30,0,reserved
0x40001064,31,0,reserved
0x40001068,0,0,RG_SON4_TIME_C
0x40001068,1,0,RG_SON4_TIME_C
0x40001068,2,0,RG_SON4_TIME_C
0x40001068,3,0,RG_SON4_TIME_C
0x40001068,4,0,RG_SON4_TIME_C
0x40001068,5,0,RG_SON4_TIME_C
0x40001068,6,0,RG_SON4_TIME_C
0x40001068,7,0,RG_SON4_TIME_C
0x40001068,8,0,RG_SON4_TIME_C
0x40001068,9,0,RG_SON4_TIME_C
0x40001068,10,0,RG_SON4_TIME_C
0x40001068,11,0,RG_SON4_TIME_C
0x40001068,12,0,RG_SON4_TIME_C
0x40001068,13,0,RG_SON4_TIME_C
0x40001068,14,0,RG_SON4_TIME_C
0x40001068,15,0,RG_SON4_TIME_C
0x40001068,16,0,RG_SON4_TIME_C
0x40001068,17,0,reserved
0x40001068,18,0,reserved
0x40001068,19,0,reserved
0x40001068,20,0,reserved
0x40001068,21,0,reserved
0x40001068,22,0,reserved
0x40001068,23,0,reserved
0x40001068,24,0,reserved
0x40001068,25,0,reserved
0x40001068,26,0,reserved
0x40001068,27,0,reserved
0x40001068,28,0,reserved
0x40001068,29,0,reserved
0x40001068,30,0,reserved
0x40001068,31,0,reserved
0x4000106c,0,0,RG_SON5_TIME_C
0x4000106c,1,0,RG_SON5_TIME_C
0x4000106c,2,0,RG_SON5_TIME_C
0x4000106c,3,0,RG_SON5_TIME_C
0x4000106c,4,0,RG_SON5_TIME_C
0x4000106c,5,0,RG_SON5_TIME_C
0x4000106c,6,0,RG_SON5_TIME_C
0x4000106c,7,0,RG_SON5_TIME_C
0x4000106c,8,0,RG_SON5_TIME_C
0x4000106c,9,0,RG_SON5_TIME_C
0x4000106c,10,0,RG_SON5_TIME_C
0x4000106c,11,0,RG_SON5_TIME_C
0x4000106c,12,0,RG_SON5_TIME_C
0x4000106c,13,0,RG_SON5_TIME_C
0x4000106c,14,0,RG_SON5_TIME_C
0x4000106c,15,0,RG_SON5_TIME_C
0x4000106c,16,0,RG_SON5_TIME_C
0x4000106c,17,0,reserved
0x4000106c,18,0,reserved
0x4000106c,19,0,reserved
0x4000106c,20,0,reserved
0x4000106c,21,0,reserved
0x4000106c,22,0,reserved
0x4000106c,23,0,reserved
0x4000106c,24,0,reserved
0x4000106c,25,0,reserved
0x4000106c,26,0,reserved
0x4000106c,27,0,reserved
0x4000106c,28,0,reserved
0x4000106c,29,0,reserved
0x4000106c,30,0,reserved
0x4000106c,31,0,reserved
0x40001070,0,0,RG_SON6_TIME_C
0x40001070,1,0,RG_SON6_TIME_C
0x40001070,2,0,RG_SON6_TIME_C
0x40001070,3,0,RG_SON6_TIME_C
0x40001070,4,0,RG_SON6_TIME_C
0x40001070,5,0,RG_SON6_TIME_C
0x40001070,6,0,RG_SON6_TIME_C
0x40001070,7,0,RG_SON6_TIME_C
0x40001070,8,0,RG_SON6_TIME_C
0x40001070,9,0,RG_SON6_TIME_C
0x40001070,10,0,RG_SON6_TIME_C
0x40001070,11,0,RG_SON6_TIME_C
0x40001070,12,0,RG_SON6_TIME_C
0x40001070,13,0,RG_SON6_TIME_C
0x40001070,14,0,RG_SON6_TIME_C
0x40001070,15,0,RG_SON6_TIME_C
0x40001070,16,0,RG_SON6_TIME_C
0x40001070,17,0,reserved
0x40001070,18,0,reserved
0x40001070,19,0,reserved
0x40001070,20,0,reserved
0x40001070,21,0,reserved
0x40001070,22,0,reserved
0x40001070,23,0,reserved
0x40001070,24,0,reserved
0x40001070,25,0,reserved
0x40001070,26,0,reserved
0x40001070,27,0,reserved
0x40001070,28,0,reserved
0x40001070,29,0,reserved
0x40001070,30,0,reserved
0x40001070,31,0,reserved
0x40001074,0,0,RG_SON7_TIME_C
0x40001074,1,0,RG_SON7_TIME_C
0x40001074,2,0,RG_SON7_TIME_C
0x40001074,3,0,RG_SON7_TIME_C
0x40001074,4,0,RG_SON7_TIME_C
0x40001074,5,0,RG_SON7_TIME_C
0x40001074,6,0,RG_SON7_TIME_C
0x40001074,7,0,RG_SON7_TIME_C
0x40001074,8,0,RG_SON7_TIME_C
0x40001074,9,0,RG_SON7_TIME_C
0x40001074,10,0,RG_SON7_TIME_C
0x40001074,11,0,RG_SON7_TIME_C
0x40001074,12,0,RG_SON7_TIME_C
0x40001074,13,0,RG_SON7_TIME_C
0x40001074,14,0,RG_SON7_TIME_C
0x40001074,15,0,RG_SON7_TIME_C
0x40001074,16,0,RG_SON7_TIME_C
0x40001074,17,0,reserved
0x40001074,18,0,reserved
0x40001074,19,0,reserved
0x40001074,20,0,reserved
0x40001074,21,0,reserved
0x40001074,22,0,reserved
0x40001074,23,0,reserved
0x40001074,24,0,reserved
0x40001074,25,0,reserved
0x40001074,26,0,reserved
0x40001074,27,0,reserved
0x40001074,28,0,reserved
0x40001074,29,0,reserved
0x40001074,30,0,reserved
0x40001074,31,0,reserved
0x40001078,0,0,RG_SCPOR_N_ON_TIME_C
0x40001078,1,0,RG_SCPOR_N_ON_TIME_C
0x40001078,2,0,RG_SCPOR_N_ON_TIME_C
0x40001078,3,0,RG_SCPOR_N_ON_TIME_C
0x40001078,4,0,RG_SCPOR_N_ON_TIME_C
0x40001078,5,0,RG_SCPOR_N_ON_TIME_C
0x40001078,6,0,RG_SCPOR_N_ON_TIME_C
0x40001078,7,0,RG_SCPOR_N_ON_TIME_C
0x40001078,8,0,RG_SCPOR_N_ON_TIME_C
0x40001078,9,0,RG_SCPOR_N_ON_TIME_C
0x40001078,10,0,RG_SCPOR_N_ON_TIME_C
0x40001078,11,0,reserved
0x40001078,12,0,reserved
0x40001078,13,0,reserved
0x40001078,14,0,reserved
0x40001078,15,0,reserved
0x40001078,16,0,reserved
0x40001078,17,0,reserved
0x40001078,18,0,reserved
0x40001078,19,0,reserved
0x40001078,20,0,reserved
0x40001078,21,0,reserved
0x40001078,22,0,reserved
0x40001078,23,0,reserved
0x40001078,24,0,reserved
0x40001078,25,0,reserved
0x40001078,26,0,reserved
0x40001078,27,0,reserved
0x40001078,28,0,reserved
0x40001078,29,0,reserved
0x40001078,30,0,reserved
0x40001078,31,0,reserved
0x4000107c,0,0,RG_RET_SF_EN
0x4000107c,1,0,RG_HPBG_EN
0x4000107c,2,0,RG_BUCK_EN
0x4000107c,3,0,reserved
0x4000107c,4,0,RG_PU_RET_SF_OVR_CTL
0x4000107c,5,0,RG_PU_HPBG_OVR_CTL
0x4000107c,6,0,RG_PU_BUCK_OVR_CTL
0x4000107c,7,0,reserved
0x4000107c,8,0,reserved
0x4000107c,9,0,reserved
0x4000107c,10,0,reserved
0x4000107c,11,0,reserved
0x4000107c,12,0,reserved
0x4000107c,13,0,reserved
0x4000107c,14,0,reserved
0x4000107c,15,0,reserved
0x4000107c,16,0,reserved
0x4000107c,17,0,reserved
0x4000107c,18,0,reserved
0x4000107c,19,0,reserved
0x4000107c,20,0,reserved
0x4000107c,21,0,reserved
0x4000107c,22,0,reserved
0x4000107c,23,0,reserved
0x4000107c,24,0,reserved
0x4000107c,25,0,reserved
0x4000107c,26,0,reserved
0x4000107c,27,0,reserved
0x4000107c,28,0,reserved
0x4000107c,29,0,reserved
0x4000107c,30,0,reserved
0x4000107c,31,0,reserved
0x40001080,0,0,RG_LPO_ON
0x40001080,1,0,RG_32K_XTAL_EN
0x40001080,2,1,RG_32K_LPO_EN
0x40001080,3,0,RG_32K_XTAL_GM
0x40001080,4,0,RG_32K_XTAL_GM
0x40001080,5,1,RG_32K_XTAL_GM
0x40001080,6,1,RG_32K_XTAL_GM
0x40001080,7,0,RG_32K_LPO_FC
0x40001080,8,0,RG_32K_LPO_FC
0x40001080,9,1,RG_32K_LPO_FC
0x40001080,10,0,RG_XTAL_ON
0x40001080,11,0,RG_32K_XTAL_CAP
0x40001080,12,0,RG_32K_XTAL_CAP
0x40001080,13,0,RG_32K_XTAL_CAP
0x40001080,14,1,RG_32K_XTAL_CAP
0x40001080,15,0,RG_32K_XTAL_BYPASS
0x40001080,16,0,reserved
0x40001080,17,0,reserved
0x40001080,18,0,reserved
0x40001080,19,0,reserved
0x40001080,20,0,reserved
0x40001080,21,0,reserved
0x40001080,22,0,reserved
0x40001080,23,0,reserved
0x40001080,24,0,reserved
0x40001080,25,0,reserved
0x40001080,26,0,reserved
0x40001080,27,0,reserved
0x40001080,28,0,reserved
0x40001080,29,0,reserved
0x40001080,30,0,reserved
0x40001080,31,0,reserved
0x40001084,0,0,RG_PMS_SPARE_EN_TEST_PAD_TO_MUX2
0x40001084,1,0,RG_PMS_SPARE_TEST_MUX_OUTPUT_SEL
0x40001084,2,0,RG_PMS_SPARE_TEST_MUX_OUTPUT_SEL
0x40001084,3,0,RG_PMS_SPARE_TEST_MUX_OUTPUT_SEL
0x40001084,4,0,RG_PMS_SPARE_HPBG_TEST_REF_EN
0x40001084,5,0,RG_PMS_SPARE
0x40001084,6,0,RG_PMS_SPARE_LDO_PA_BIAS_EN
0x40001084,7,1,RG_PMS_SPARE_HPBG_CAL_3
0x40001084,8,0,reserved
0x40001084,9,0,reserved
0x40001084,10,0,reserved
0x40001084,11,0,reserved
0x40001084,12,0,reserved
0x40001084,13,0,reserved
0x40001084,14,0,reserved
0x40001084,15,0,reserved
0x40001084,16,0,reserved
0x40001084,17,0,reserved
0x40001084,18,0,reserved
0x40001084,19,0,reserved
0x40001084,20,0,reserved
0x40001084,21,0,reserved
0x40001084,22,0,reserved
0x40001084,23,0,reserved
0x40001084,24,0,reserved
0x40001084,25,0,reserved
0x40001084,26,0,reserved
0x40001084,27,0,reserved
0x40001084,28,0,reserved
0x40001084,29,0,reserved
0x40001084,30,0,reserved
0x40001084,31,0,reserved
0x40001088,0,0,RG_AUXADC_EN
0x40001088,1,0,RG_SARADC_EN
0x40001088,2,0,RG_AUX_REF_VTUNE
0x40001088,3,0,RG_AUX_REF_VTUNE
0x40001088,4,0,RG_AUX_REF_VTUNE
0x40001088,5,0,RG_AUX_REF_VTUNE
0x40001088,6,1,RG_AUX_REF_VTUNE
0x40001088,7,0,RG_ADC_IBIAS
0x40001088,8,0,RG_ADC_IBIAS
0x40001088,9,0,RG_ADC_IBIAS
0x40001088,10,0,RG_ADC_IBIAS
0x40001088,11,1,RG_ADC_IBIAS
0x40001088,12,0,reserved
0x40001088,13,0,reserved
0x40001088,14,0,reserved
0x40001088,15,0,reserved
0x40001088,16,0,reserved
0x40001088,17,0,reserved
0x40001088,18,0,reserved
0x40001088,19,0,reserved
0x40001088,20,0,reserved
0x40001088,21,0,reserved
0x40001088,22,0,reserved
0x40001088,23,0,reserved
0x40001088,24,0,reserved
0x40001088,25,0,reserved
0x40001088,26,0,reserved
0x40001088,27,0,reserved
0x40001088,28,0,reserved
0x40001088,29,0,reserved
0x40001088,30,0,reserved
0x40001088,31,0,reserved
0x4000108c,0,0,RG_LDO_VCO_IBIAS
0x4000108c,1,0,RG_LDO_VCO_IBIAS
0x4000108c,2,0,RG_LDO_VCO_IBIAS
0x4000108c,3,0,RG_LDO_VCO_IBIAS
0x4000108c,4,1,RG_LDO_VCO_IBIAS
0x4000108c,5,0,RG_LDO_RF_EN
0x4000108c,6,0,RG_LDO_VCO_EN
0x4000108c,7,1,RG_LDO_RF_VAL_CTL
0x4000108c,8,0,RG_LDO_RF_VAL_CTL
0x4000108c,9,0,RG_LDO_RF_EN_M
0x4000108c,10,0,RG_LDO_VCO_EN_M
0x4000108c,11,0,RG_LDO_RF_IBIAS
0x4000108c,12,0,RG_LDO_RF_IBIAS
0x4000108c,13,0,RG_LDO_RF_IBIAS
0x4000108c,14,1,RG_LDO_RF_IBIAS
0x4000108c,15,1,RG_LDO_VCO_VAL_CTL
0x4000108c,16,0,RG_LDO_VCO_VAL_CTL
0x4000108c,17,0,reserved
0x4000108c,18,0,reserved
0x4000108c,19,0,reserved
0x4000108c,20,0,reserved
0x4000108c,21,0,reserved
0x4000108c,22,0,reserved
0x4000108c,23,0,reserved
0x4000108c,24,0,reserved
0x4000108c,25,0,reserved
0x4000108c,26,0,reserved
0x4000108c,27,0,reserved
0x4000108c,28,0,reserved
0x4000108c,29,0,reserved
0x4000108c,30,0,reserved
0x4000108c,31,0,reserved
0x40001090,0,1,PD_IE
0x40001090,1,1,PD_IE
0x40001090,2,1,PD_IE
0x40001090,3,1,PD_IE
0x40001090,4,1,PD_IE
0x40001090,5,1,PD_IE
0x40001090,6,1,PD_IE
0x40001090,7,1,PD_IE
0x40001090,8,1,PD_IE
0x40001090,9,1,PD_IE
0x40001090,10,1,PD_IE
0x40001090,11,1,PD_IE
0x40001090,12,1,PD_IE
0x40001090,13,1,PD_IE
0x40001090,14,1,PD_IE
0x40001090,15,1,PD_IE
0x40001090,16,1,PD_IE
0x40001090,17,1,PD_IE
0x40001090,18,1,PD_IE
0x40001090,19,1,PD_IE
0x40001090,20,1,PD_IE
0x40001090,21,1,PD_IE
0x40001090,22,1,PD_IE
0x40001090,23,1,PD_IE
0x40001090,24,1,PD_IE
0x40001090,25,1,PD_IE
0x40001090,26,1,PD_IE
0x40001090,27,1,PD_IE
0x40001090,28,1,PD_IE
0x40001090,29,1,PD_IE
0x40001090,30,1,PD_IE
0x40001090,31,0,reserved
0x40001094,0,1,PD_PE
0x40001094,1,1,PD_PE
0x40001094,2,1,PD_PE
0x40001094,3,1,PD_PE
0x40001094,4,1,PD_PE
0x40001094,5,1,PD_PE
0x40001094,6,1,PD_PE
0x40001094,7,1,PD_PE
0x40001094,8,1,PD_PE
0x40001094,9,1,PD_PE
0x40001094,10,1,PD_PE
0x40001094,11,1,PD_PE
0x40001094,12,1,PD_PE
0x40001094,13,1,PD_PE
0x40001094,14,1,PD_PE
0x40001094,15,1,PD_PE
0x40001094,16,1,PD_PE
0x40001094,17,1,PD_PE
0x40001094,18,1,PD_PE
0x40001094,19,1,PD_PE
0x40001094,20,1,PD_PE
0x40001094,21,1,PD_PE
0x40001094,22,1,PD_PE
0x40001094,23,1,PD_PE
0x40001094,24,1,PD_PE
0x40001094,25,1,PD_PE
0x40001094,26,1,PD_PE
0x40001094,27,1,PD_PE
0x40001094,28,1,PD_PE
0x40001094,29,1,PD_PE
0x40001094,30,1,PD_PE
0x40001094,31,0,reserved
0x40001098,0,0,PD_O_INV
0x40001098,1,0,PD_O_INV
0x40001098,2,0,PD_O_INV
0x40001098,3,0,PD_O_INV
0x40001098,4,0,PD_O_INV
0x40001098,5,0,PD_O_INV
0x40001098,6,0,PD_O_INV
0x40001098,7,0,PD_O_INV
0x40001098,8,0,PD_O_INV
0x40001098,9,0,PD_O_INV
0x40001098,10,0,PD_O_INV
0x40001098,11,0,PD_O_INV
0x40001098,12,0,PD_O_INV
0x40001098,13,0,PD_O_INV
0x40001098,14,0,PD_O_INV
0x40001098,15,0,PD_O_INV
0x40001098,16,0,PD_O_INV
0x40001098,17,0,PD_O_INV
0x40001098,18,0,PD_O_INV
0x40001098,19,0,PD_O_INV
0x40001098,20,0,PD_O_INV
0x40001098,21,0,PD_O_INV
0x40001098,22,0,PD_O_INV
0x40001098,23,0,PD_O_INV
0x40001098,24,0,PD_O_INV
0x40001098,25,0,PD_O_INV
0x40001098,26,0,PD_O_INV
0x40001098,27,0,PD_O_INV
0x40001098,28,0,PD_O_INV
0x40001098,29,0,PD_O_INV
0x40001098,30,0,PD_O_INV
0x40001098,31,0,reserved
0x4000109c,0,0,PD_DS
0x4000109c,1,0,PD_DS
0x4000109c,2,0,PD_DS
0x4000109c,3,0,PD_DS
0x4000109c,4,0,PD_DS
0x4000109c,5,0,PD_DS
0x4000109c,6,0,PD_DS
0x4000109c,7,0,PD_DS
0x4000109c,8,0,PD_DS
0x4000109c,9,0,PD_DS
0x4000109c,10,0,PD_DS
0x4000109c,11,0,PD_DS
0x4000109c,12,0,PD_DS
0x4000109c,13,0,PD_DS
0x4000109c,14,0,PD_DS
0x4000109c,15,0,PD_DS
0x4000109c,16,0,PD_DS
0x4000109c,17,0,PD_DS
0x4000109c,18,0,PD_DS
0x4000109c,19,0,PD_DS
0x4000109c,20,0,PD_DS
0x4000109c,21,0,PD_DS
0x4000109c,22,0,PD_DS
0x4000109c,23,0,PD_DS
0x4000109c,24,0,PD_DS
0x4000109c,25,0,PD_DS
0x4000109c,26,0,PD_DS
0x4000109c,27,0,PD_DS
0x4000109c,28,0,PD_DS
0x4000109c,29,0,PD_DS
0x4000109c,30,0,PD_DS
0x4000109c,31,0,reserved
0x400010a0,0,0,GPO
0x400010a0,1,0,GPO
0x400010a0,2,0,GPO
0x400010a0,3,0,GPO
0x400010a0,4,0,GPO
0x400010a0,5,0,GPO
0x400010a0,6,0,GPO
0x400010a0,7,0,GPO
0x400010a0,8,0,GPO
0x400010a0,9,0,GPO
0x400010a0,10,0,GPO
0x400010a0,11,0,GPO
0x400010a0,12,0,GPO
0x400010a0,13,0,GPO
0x400010a0,14,0,GPO
0x400010a0,15,0,GPO
0x400010a0,16,0,GPO
0x400010a0,17,0,GPO
0x400010a0,18,0,GPO
0x400010a0,19,0,GPO
0x400010a0,20,0,GPO
0x400010a0,21,0,GPO
0x400010a0,22,0,GPO
0x400010a0,23,0,GPO
0x400010a0,24,0,GPO
0x400010a0,25,0,GPO
0x400010a0,26,0,GPO
0x400010a0,27,0,GPO
0x400010a0,28,0,GPO
0x400010a0,29,0,GPO
0x400010a0,30,0,GPO
0x400010a0,31,0,reserved
0x400010a4,0,0,PD_I_INV
0x400010a4,1,0,PD_I_INV
0x400010a4,2,0,PD_I_INV
0x400010a4,3,0,PD_I_INV
0x400010a4,4,0,PD_I_INV
0x400010a4,5,0,PD_I_INV
0x400010a4,6,0,PD_I_INV
0x400010a4,7,0,PD_I_INV
0x400010a4,8,0,PD_I_INV
0x400010a4,9,0,PD_I_INV
0x400010a4,10,0,PD_I_INV
0x400010a4,11,0,PD_I_INV
0x400010a4,12,0,PD_I_INV
0x400010a4,13,0,PD_I_INV
0x400010a4,14,0,PD_I_INV
0x400010a4,15,0,PD_I_INV
0x400010a4,16,0,PD_I_INV
0x400010a4,17,0,PD_I_INV
0x400010a4,18,0,PD_I_INV
0x400010a4,19,0,PD_I_INV
0x400010a4,20,0,PD_I_INV
0x400010a4,21,0,PD_I_INV
0x400010a4,22,0,PD_I_INV
0x400010a4,23,0,PD_I_INV
0x400010a4,24,0,PD_I_INV
0x400010a4,25,0,PD_I_INV
0x400010a4,26,0,PD_I_INV
0x400010a4,27,0,PD_I_INV
0x400010a4,28,0,PD_I_INV
0x400010a4,29,0,PD_I_INV
0x400010a4,30,0,PD_I_INV
0x400010a4,31,0,reserved
0x400010a8,0,0,PDOV_MODE
0x400010a8,1,0,PDOV_MODE
0x400010a8,2,0,PDOV_MODE
0x400010a8,3,0,PDOV_MODE
0x400010a8,4,0,PDOV_MODE
0x400010a8,5,0,PDOV_MODE
0x400010a8,6,0,PDOV_MODE
0x400010a8,7,0,PDOV_MODE
0x400010a8,8,0,PDOV_MODE
0x400010a8,9,0,PDOV_MODE
0x400010a8,10,0,PDOV_MODE
0x400010a8,11,0,PDOV_MODE
0x400010a8,12,0,PDOV_MODE
0x400010a8,13,0,PDOV_MODE
0x400010a8,14,0,PDOV_MODE
0x400010a8,15,0,PDOV_MODE
0x400010a8,16,0,PDOV_MODE
0x400010a8,17,0,PDOV_MODE
0x400010a8,18,0,PDOV_MODE
0x400010a8,19,0,PDOV_MODE
0x400010a8,20,0,PDOV_MODE
0x400010a8,21,0,PDOV_MODE
0x400010a8,22,0,PDOV_MODE
0x400010a8,23,0,PDOV_MODE
0x400010a8,24,0,PDOV_MODE
0x400010a8,25,0,PDOV_MODE
0x400010a8,26,0,PDOV_MODE
0x400010a8,27,0,PDOV_MODE
0x400010a8,28,0,PDOV_MODE
0x400010a8,29,0,PDOV_MODE
0x400010a8,30,0,PDOV_MODE
0x400010a8,31,0,reserved
0x400010ac,0,1,PD_DIR
0x400010ac,1,1,PD_DIR
0x400010ac,2,1,PD_DIR
0x400010ac,3,1,PD_DIR
0x400010ac,4,1,PD_DIR
0x400010ac,5,1,PD_DIR
0x400010ac,6,1,PD_DIR
0x400010ac,7,1,PD_DIR
0x400010ac,8,1,PD_DIR
0x400010ac,9,1,PD_DIR
0x400010ac,10,1,PD_DIR
0x400010ac,11,1,PD_DIR
0x400010ac,12,1,PD_DIR
0x400010ac,13,1,PD_DIR
0x400010ac,14,1,PD_DIR
0x400010ac,15,1,PD_DIR
0x400010ac,16,1,PD_DIR
0x400010ac,17,1,PD_DIR
0x400010ac,18,1,PD_DIR
0x400010ac,19,1,PD_DIR
0x400010ac,20,1,PD_DIR
0x400010ac,21,1,PD_DIR
0x400010ac,22,1,PD_DIR
0x400010ac,23,1,PD_DIR
0x400010ac,24,1,PD_DIR
0x400010ac,25,1,PD_DIR
0x400010ac,26,1,PD_DIR
0x400010ac,27,1,PD_DIR
0x400010ac,28,1,PD_DIR
0x400010ac,29,1,PD_DIR
0x400010ac,30,1,PD_DIR
0x400010ac,31,0,reserved
0x400010b0,0,0,PD_OEN_INV
0x400010b0,1,0,PD_OEN_INV
0x400010b0,2,0,PD_OEN_INV
0x400010b0,3,0,PD_OEN_INV
0x400010b0,4,0,PD_OEN_INV
0x400010b0,5,0,PD_OEN_INV
0x400010b0,6,0,PD_OEN_INV
0x400010b0,7,0,PD_OEN_INV
0x400010b0,8,0,PD_OEN_INV
0x400010b0,9,0,PD_OEN_INV
0x400010b0,10,0,PD_OEN_INV
0x400010b0,11,0,PD_OEN_INV
0x400010b0,12,0,PD_OEN_INV
0x400010b0,13,0,PD_OEN_INV
0x400010b0,14,0,PD_OEN_INV
0x400010b0,15,0,PD_OEN_INV
0x400010b0,16,0,PD_OEN_INV
0x400010b0,17,0,PD_OEN_INV
0x400010b0,18,0,PD_OEN_INV
0x400010b0,19,0,PD_OEN_INV
0x400010b0,20,0,PD_OEN_INV
0x400010b0,21,0,PD_OEN_INV
0x400010b0,22,0,PD_OEN_INV
0x400010b0,23,0,PD_OEN_INV
0x400010b0,24,0,PD_OEN_INV
0x400010b0,25,0,PD_OEN_INV
0x400010b0,26,0,PD_OEN_INV
0x400010b0,27,0,PD_OEN_INV
0x400010b0,28,0,PD_OEN_INV
0x400010b0,29,0,PD_OEN_INV
0x400010b0,30,0,PD_OEN_INV
0x400010b0,31,0,reserved
0x400010b4,0,0,PDOC_MODE
0x400010b4,1,0,PDOC_MODE
0x400010b4,2,0,PDOC_MODE
0x400010b4,3,0,PDOC_MODE
0x400010b4,4,0,PDOC_MODE
0x400010b4,5,0,PDOC_MODE
0x400010b4,6,0,PDOC_MODE
0x400010b4,7,0,PDOC_MODE
0x400010b4,8,0,PDOC_MODE
0x400010b4,9,0,PDOC_MODE
0x400010b4,10,0,PDOC_MODE
0x400010b4,11,0,PDOC_MODE
0x400010b4,12,0,PDOC_MODE
0x400010b4,13,0,PDOC_MODE
0x400010b4,14,0,PDOC_MODE
0x400010b4,15,0,PDOC_MODE
0x400010b4,16,0,PDOC_MODE
0x400010b4,17,0,PDOC_MODE
0x400010b4,18,0,PDOC_MODE
0x400010b4,19,0,PDOC_MODE
0x400010b4,20,0,PDOC_MODE
0x400010b4,21,0,PDOC_MODE
0x400010b4,22,0,PDOC_MODE
0x400010b4,23,0,PDOC_MODE
0x400010b4,24,0,PDOC_MODE
0x400010b4,25,0,PDOC_MODE
0x400010b4,26,0,PDOC_MODE
0x400010b4,27,0,PDOC_MODE
0x400010b4,28,0,PDOC_MODE
0x400010b4,29,0,PDOC_MODE
0x400010b4,30,0,PDOC_MODE
0x400010b4,31,0,reserved
0x400010b8,0,0,GPI
0x400010b8,1,0,GPI
0x400010b8,2,0,GPI
0x400010b8,3,0,GPI
0x400010b8,4,0,GPI
0x400010b8,5,0,GPI
0x400010b8,6,0,GPI
0x400010b8,7,0,GPI
0x400010b8,8,0,GPI
0x400010b8,9,0,GPI
0x400010b8,10,0,GPI
0x400010b8,11,0,GPI
0x400010b8,12,0,GPI
0x400010b8,13,0,GPI
0x400010b8,14,0,GPI
0x400010b8,15,0,GPI
0x400010b8,16,0,GPI
0x400010b8,17,0,GPI
0x400010b8,18,0,GPI
0x400010b8,19,0,GPI
0x400010b8,20,0,GPI
0x400010b8,21,0,GPI
0x400010b8,22,0,GPI
0x400010b8,23,0,GPI
0x400010b8,24,0,GPI
0x400010b8,25,0,GPI
0x400010b8,26,0,GPI
0x400010b8,27,0,GPI
0x400010b8,28,0,GPI
0x400010b8,29,0,GPI
0x400010b8,30,0,GPI
0x400010b8,31,0,reserved
0x400010c0,0,0,PDI_SRC_IO0
0x400010c0,1,0,PDI_SRC_IO0
0x400010c0,2,0,PDI_SRC_IO0
0x400010c0,3,0,PDI_SRC_IO0
0x400010c0,4,0,PDI_SRC_IO1
0x400010c0,5,0,PDI_SRC_IO1
0x400010c0,6,0,PDI_SRC_IO1
0x400010c0,7,0,PDI_SRC_IO1
0x400010c0,8,0,PDI_SRC_IO2
0x400010c0,9,0,PDI_SRC_IO2
0x400010c0,10,0,PDI_SRC_IO2
0x400010c0,11,0,PDI_SRC_IO2
0x400010c0,12,0,PDI_SRC_IO3
0x400010c0,13,0,PDI_SRC_IO3
0x400010c0,14,0,PDI_SRC_IO3
0x400010c0,15,0,PDI_SRC_IO3
0x400010c0,16,0,PDI_SRC_IO4
0x400010c0,17,0,PDI_SRC_IO4
0x400010c0,18,0,PDI_SRC_IO4
0x400010c0,19,0,PDI_SRC_IO4
0x400010c0,20,0,PDI_SRC_IO5
0x400010c0,21,0,PDI_SRC_IO5
0x400010c0,22,0,PDI_SRC_IO5
0x400010c0,23,0,PDI_SRC_IO5
0x400010c0,24,0,PDI_SRC_IO6
0x400010c0,25,0,PDI_SRC_IO6
0x400010c0,26,0,PDI_SRC_IO6
0x400010c0,27,0,PDI_SRC_IO6
0x400010c0,28,0,PDI_SRC_IO7
0x400010c0,29,0,PDI_SRC_IO7
0x400010c0,30,0,PDI_SRC_IO7
0x400010c0,31,0,PDI_SRC_IO7
0x400010c4,0,0,PDI_SRC_IO8
0x400010c4,1,0,PDI_SRC_IO8
0x400010c4,2,0,PDI_SRC_IO8
0x400010c4,3,0,PDI_SRC_IO8
0x400010c4,4,0,PDI_SRC_IO9
0x400010c4,5,0,PDI_SRC_IO9
0x400010c4,6,0,PDI_SRC_IO9
0x400010c4,7,0,PDI_SRC_IO9
0x400010c4,8,0,PDI_SRC_IO10
0x400010c4,9,0,PDI_SRC_IO10
0x400010c4,10,0,PDI_SRC_IO10
0x400010c4,11,0,PDI_SRC_IO10
0x400010c4,12,0,PDI_SRC_IO11
0x400010c4,13,0,PDI_SRC_IO11
0x400010c4,14,0,PDI_SRC_IO11
0x400010c4,15,0,PDI_SRC_IO11
0x400010c4,16,0,PDI_SRC_IO12
0x400010c4,17,0,PDI_SRC_IO12
0x400010c4,18,0,PDI_SRC_IO12
0x400010c4,19,0,PDI_SRC_IO12
0x400010c4,20,0,PDI_SRC_IO13
0x400010c4,21,0,PDI_SRC_IO13
0x400010c4,22,0,PDI_SRC_IO13
0x400010c4,23,0,PDI_SRC_IO13
0x400010c4,24,0,PDI_SRC_IO14
0x400010c4,25,0,PDI_SRC_IO14
0x400010c4,26,0,PDI_SRC_IO14
0x400010c4,27,0,PDI_SRC_IO14
0x400010c4,28,0,PDI_SRC_IO15
0x400010c4,29,0,PDI_SRC_IO15
0x400010c4,30,0,PDI_SRC_IO15
0x400010c4,31,0,PDI_SRC_IO15
0x400010c8,0,0,PDI_SRC_IO16
0x400010c8,1,0,PDI_SRC_IO16
0x400010c8,2,0,PDI_SRC_IO16
0x400010c8,3,0,PDI_SRC_IO16
0x400010c8,4,0,PDI_SRC_IO17
0x400010c8,5,0,PDI_SRC_IO17
0x400010c8,6,0,PDI_SRC_IO17
0x400010c8,7,0,PDI_SRC_IO17
0x400010c8,8,0,PDI_SRC_IO18
0x400010c8,9,0,PDI_SRC_IO18
0x400010c8,10,0,PDI_SRC_IO18
0x400010c8,11,0,PDI_SRC_IO18
0x400010c8,12,0,PDI_SRC_IO19
0x400010c8,13,0,PDI_SRC_IO19
0x400010c8,14,0,PDI_SRC_IO19
0x400010c8,15,0,PDI_SRC_IO19
0x400010c8,16,0,PDI_SRC_IO20
0x400010c8,17,0,PDI_SRC_IO20
0x400010c8,18,0,PDI_SRC_IO20
0x400010c8,19,0,PDI_SRC_IO20
0x400010c8,20,0,PDI_SRC_IO21
0x400010c8,21,0,PDI_SRC_IO21
0x400010c8,22,0,PDI_SRC_IO21
0x400010c8,23,0,PDI_SRC_IO21
0x400010c8,24,0,PDI_SRC_IO22
0x400010c8,25,0,PDI_SRC_IO22
0x400010c8,26,0,PDI_SRC_IO22
0x400010c8,27,0,PDI_SRC_IO22
0x400010c8,28,0,PDI_SRC_IO23
0x400010c8,29,0,PDI_SRC_IO23
0x400010c8,30,0,PDI_SRC_IO23
0x400010c8,31,0,PDI_SRC_IO23
0x400010cc,0,0,PDI_SRC_IO24
0x400010cc,1,0,PDI_SRC_IO24
0x400010cc,2,0,PDI_SRC_IO24
0x400010cc,3,0,PDI_SRC_IO24
0x400010cc,4,0,PDI_SRC_IO25
0x400010cc,5,0,PDI_SRC_IO25
0x400010cc,6,0,PDI_SRC_IO25
0x400010cc,7,0,PDI_SRC_IO25
0x400010cc,8,0,PDI_SRC_IO26
0x400010cc,9,0,PDI_SRC_IO26
0x400010cc,10,0,PDI_SRC_IO26
0x400010cc,11,0,PDI_SRC_IO26
0x400010cc,12,0,PDI_SRC_IO27
0x400010cc,13,0,PDI_SRC_IO27
0x400010cc,14,0,PDI_SRC_IO27
0x400010cc,15,0,PDI_SRC_IO27
0x400010cc,16,0,PDI_SRC_IO28
0x400010cc,17,0,PDI_SRC_IO28
0x400010cc,18,0,PDI_SRC_IO28
0x400010cc,19,0,PDI_SRC_IO28
0x400010cc,20,0,PDI_SRC_IO29
0x400010cc,21,0,PDI_SRC_IO29
0x400010cc,22,0,PDI_SRC_IO29
0x400010cc,23,0,PDI_SRC_IO29
0x400010cc,24,0,PDI_SRC_IO30
0x400010cc,25,0,PDI_SRC_IO30
0x400010cc,26,0,PDI_SRC_IO30
0x400010cc,27,0,PDI_SRC_IO30
0x400010cc,28,0,reserved
0x400010cc,29,0,reserved
0x400010cc,30,0,reserved
0x400010cc,31,0,reserved
0x400010d0,0,0,UART0_CTS_IO
0x400010d0,1,0,UART0_CTS_IO
0x400010d0,2,0,UART0_CTS_IO
0x400010d0,3,0,UART0_CTS_IO
0x400010d0,4,0,UART0_RXD_IO
0x400010d0,5,0,UART0_RXD_IO
0x400010d0,6,0,UART0_RXD_IO
0x400010d0,7,0,UART0_RXD_IO
0x400010d0,8,0,UART1_CTS_IO
0x400010d0,9,0,UART1_CTS_IO
0x400010d0,10,0,UART1_CTS_IO
0x400010d0,11,0,UART1_CTS_IO
0x400010d0,12,0,UART1_RXD_IO
0x400010d0,13,0,UART1_RXD_IO
0x400010d0,14,0,UART1_RXD_IO
0x400010d0,15,0,UART1_RXD_IO
0x400010d0,16,0,APS_DBG_UART_RXD_IO
0x400010d0,17,0,APS_DBG_UART_RXD_IO
0x400010d0,18,0,APS_DBG_UART_RXD_IO
0x400010d0,19,0,APS_DBG_UART_RXD_IO
0x400010d0,20,0,MSQ_DBG_UART_RXD_IO
0x400010d0,21,0,MSQ_DBG_UART_RXD_IO
0x400010d0,22,0,MSQ_DBG_UART_RXD_IO
0x400010d0,23,0,MSQ_DBG_UART_RXD_IO
0x400010d0,24,0,I2C_SCL_IN_IO
0x400010d0,25,0,I2C_SCL_IN_IO
0x400010d0,26,0,I2C_SCL_IN_IO
0x400010d0,27,0,I2C_SCL_IN_IO
0x400010d0,28,0,I2C_SDA_IN_IO
0x400010d0,29,0,I2C_SDA_IN_IO
0x400010d0,30,0,I2C_SDA_IN_IO
0x400010d0,31,0,I2C_SDA_IN_IO
0x400010d4,0,0,TDI_IO
0x400010d4,1,0,TDI_IO
0x400010d4,2,0,TDI_IO
0x400010d4,3,0,TDI_IO
0x400010d4,4,0,TCK_IO
0x400010d4,5,0,TCK_IO
0x400010d4,6,0,TCK_IO
0x400010d4,7,0,TCK_IO
0x400010d4,8,0,TMS_IO
0x400010d4,9,0,TMS_IO
0x400010d4,10,0,TMS_IO
0x400010d4,11,0,TMS_IO
0x400010d4,12,0,M3_SWDI_IO
0x400010d4,13,0,M3_SWDI_IO
0x400010d4,14,0,M3_SWDI_IO
0x400010d4,15,0,M3_SWDI_IO
0x400010d4,16,0,M3_SWCLK_IO
0x400010d4,17,0,M3_SWCLK_IO
0x400010d4,18,0,M3_SWCLK_IO
0x400010d4,19,0,M3_SWCLK_IO
0x400010d4,20,0,M0_SWDI_IO
0x400010d4,21,0,M0_SWDI_IO
0x400010d4,22,0,M0_SWDI_IO
0x400010d4,23,0,M0_SWDI_IO
0x400010d4,24,0,M0_SWCLK_IO
0x400010d4,25,0,M0_SWCLK_IO
0x400010d4,26,0,M0_SWCLK_IO
0x400010d4,27,0,M0_SWCLK_IO
0x400010d4,28,0,reserved
0x400010d4,29,0,reserved
0x400010d4,30,0,reserved
0x400010d4,31,0,reserved
0x400010d8,0,0,SPI0_RXD0_IO
0x400010d8,1,0,SPI0_RXD0_IO
0x400010d8,2,0,SPI0_RXD0_IO
0x400010d8,3,0,SPI0_RXD0_IO
0x400010d8,4,0,SPI0_RXD1_IO
0x400010d8,5,0,SPI0_RXD1_IO
0x400010d8,6,0,SPI0_RXD1_IO
0x400010d8,7,0,SPI0_RXD1_IO
0x400010d8,8,0,SPI0_RXD2_IO
0x400010d8,9,0,SPI0_RXD2_IO
0x400010d8,10,0,SPI0_RXD2_IO
0x400010d8,11,0,SPI0_RXD2_IO
0x400010d8,12,0,SPI0_RXD3_IO
0x400010d8,13,0,SPI0_RXD3_IO
0x400010d8,14,0,SPI0_RXD3_IO
0x400010d8,15,0,SPI0_RXD3_IO
0x400010d8,16,0,SPI1_RXD0_IO
0x400010d8,17,0,SPI1_RXD0_IO
0x400010d8,18,0,SPI1_RXD0_IO
0x400010d8,19,0,SPI1_RXD0_IO
0x400010d8,20,0,SPI1_RXD1_IO
0x400010d8,21,0,SPI1_RXD1_IO
0x400010d8,22,0,SPI1_RXD1_IO
0x400010d8,23,0,SPI1_RXD1_IO
0x400010d8,24,0,SPI1_RXD2_IO
0x400010d8,25,0,SPI1_RXD2_IO
0x400010d8,26,0,SPI1_RXD2_IO
0x400010d8,27,0,SPI1_RXD2_IO
0x400010d8,28,0,SPI1_RXD3_IO
0x400010d8,29,0,SPI1_RXD3_IO
0x400010d8,30,0,SPI1_RXD3_IO
0x400010d8,31,0,SPI1_RXD3_IO
0x400010dc,0,0,SPI2_RXD0_IO
0x400010dc,1,0,SPI2_RXD0_IO
0x400010dc,2,0,SPI2_RXD0_IO
0x400010dc,3,0,SPI2_RXD0_IO
0x400010dc,4,0,SPI2_RXD1_IO
0x400010dc,5,0,SPI2_RXD1_IO
0x400010dc,6,0,SPI2_RXD1_IO
0x400010dc,7,0,SPI2_RXD1_IO
0x400010dc,8,0,SPI2_RXD2_IO
0x400010dc,9,0,SPI2_RXD2_IO
0x400010dc,10,0,SPI2_RXD2_IO
0x400010dc,11,0,SPI2_RXD2_IO
0x400010dc,12,0,SPI2_RXD3_IO
0x400010dc,13,0,SPI2_RXD3_IO
0x400010dc,14,0,SPI2_RXD3_IO
0x400010dc,15,0,SPI2_RXD3_IO
0x400010dc,16,0,MSQ_DBG_SPI_RXD_IO
0x400010dc,17,0,MSQ_DBG_SPI_RXD_IO
0x400010dc,18,0,MSQ_DBG_SPI_RXD_IO
0x400010dc,19,0,MSQ_DBG_SPI_RXD_IO
0x400010dc,20,0,reserved
0x400010dc,21,0,reserved
0x400010dc,22,0,reserved
0x400010dc,23,0,reserved
0x400010dc,24,0,OPM_MODE
0x400010dc,25,0,OPM_MODE
0x400010dc,26,0,OPM_MODE
0x400010dc,27,0,OPM_MODE
0x400010dc,28,0,reserved
0x400010dc,29,0,reserved
0x400010dc,30,0,reserved
0x400010dc,31,0,reserved
0x400010e0,0,0,SRAM_ISO_EN
0x400010e0,1,0,SRAM_ISO_EN
0x400010e0,2,0,SRAM_ISO_EN
0x400010e0,3,0,SRAM_ISO_EN
0x400010e0,4,0,SRAM_ISO_EN
0x400010e0,5,0,SRAM_ISO_EN
0x400010e0,6,0,SRAM_ISO_EN
0x400010e0,7,0,SRAM_ISO_EN
0x400010e0,8,0,SRAM_ISO_EN
0x400010e0,9,0,SRAM_ISO_EN
0x400010e0,10,0,SRAM_ISO_EN
0x400010e0,11,0,SRAM_ISO_EN
0x400010e0,12,0,SRAM_ISO_EN
0x400010e0,13,0,SRAM_ISO_EN
0x400010e0,14,0,SRAM_ISO_EN
0x400010e0,15,0,SRAM_ISO_EN
0x400010e0,16,0,SRAM_ISO_EN
0x400010e0,17,0,SRAM_ISO_EN
0x400010e0,18,0,SRAM_ISO_EN
0x400010e0,19,0,SRAM_ISO_EN
0x400010e0,20,0,SRAM_ISO_EN
0x400010e0,21,0,SRAM_ISO_EN
0x400010e0,22,0,SRAM_ISO_EN
0x400010e0,23,0,SRAM_ISO_EN
0x400010e0,24,0,SRAM_ISO_EN
0x400010e0,25,0,SRAM_ISO_EN
0x400010e0,26,0,SRAM_ISO_EN
0x400010e0,27,0,SRAM_ISO_EN
0x400010e0,28,0,SRAM_ISO_EN
0x400010e0,29,0,SRAM_ISO_EN
0x400010e0,30,0,SRAM_ISO_EN
0x400010e0,31,0,reserved
0x400010e4,0,0,SRAM_RET_OFF
0x400010e4,1,0,SRAM_RET_OFF
0x400010e4,2,0,SRAM_RET_OFF
0x400010e4,3,0,SRAM_RET_OFF
0x400010e4,4,0,SRAM_RET_OFF
0x400010e4,5,0,SRAM_RET_OFF
0x400010e4,6,0,SRAM_RET_OFF
0x400010e4,7,0,SRAM_RET_OFF
0x400010e4,8,0,SRAM_RET_OFF
0x400010e4,9,0,SRAM_RET_OFF
0x400010e4,10,0,SRAM_RET_OFF
0x400010e4,11,0,SRAM_RET_OFF
0x400010e4,12,0,SRAM_RET_OFF
0x400010e4,13,0,SRAM_RET_OFF
0x400010e4,14,0,SRAM_RET_OFF
0x400010e4,15,0,SRAM_RET_OFF
0x400010e4,16,0,SRAM_RET_OFF
0x400010e4,17,0,SRAM_RET_OFF
0x400010e4,18,0,SRAM_RET_OFF
0x400010e4,19,0,SRAM_RET_OFF
0x400010e4,20,0,SRAM_RET_OFF
0x400010e4,21,0,SRAM_RET_OFF
0x400010e4,22,0,SRAM_RET_OFF
0x400010e4,23,0,SRAM_RET_OFF
0x400010e4,24,0,SRAM_RET_OFF
0x400010e4,25,0,SRAM_RET_OFF
0x400010e4,26,0,SRAM_RET_OFF
0x400010e4,27,0,SRAM_RET_OFF
0x400010e4,28,0,SRAM_RET_OFF
0x400010e4,29,0,SRAM_RET_OFF
0x400010e4,30,0,SRAM_RET_OFF
0x400010e4,31,0,reserved
0x400010e8,0,0,PHY_WR_SRAM
0x400010e8,1,0,PHY_WR_SRAM
0x400010e8,2,0,PHY_WR_SRAM
0x400010e8,3,0,PHY_WR_SRAM
0x400010e8,4,0,PHY_WR_SRAM
0x400010e8,5,0,PHY_WR_SRAM
0x400010e8,6,0,PHY_WR_SRAM
0x400010e8,7,0,PHY_WR_SRAM
0x400010e8,8,0,PHY_WR_SRAM
0x400010e8,9,0,PHY_WR_SRAM
0x400010e8,10,0,PHY_WR_SRAM
0x400010e8,11,0,PHY_WR_SRAM
0x400010e8,12,0,PHY_WR_SRAM
0x400010e8,13,0,PHY_WR_SRAM
0x400010e8,14,0,PHY_WR_SRAM
0x400010e8,15,0,PHY_WR_SRAM
0x400010e8,16,0,PHY_WR_SRAM
0x400010e8,17,0,PHY_WR_SRAM
0x400010e8,18,0,PHY_WR_SRAM
0x400010e8,19,0,PHY_WR_SRAM
0x400010e8,20,0,PHY_WR_SRAM
0x400010e8,21,0,PHY_WR_SRAM
0x400010e8,22,0,PHY_WR_SRAM
0x400010e8,23,0,PHY_WR_SRAM
0x400010e8,24,0,reserved
0x400010e8,25,0,reserved
0x400010e8,26,0,reserved
0x400010e8,27,0,reserved
0x400010e8,28,0,reserved
0x400010e8,29,0,reserved
0x400010e8,30,0,reserved
0x400010e8,31,0,reserved
0x400010ec,0,0,PHY_RD_SRAM
0x400010ec,1,0,PHY_RD_SRAM
0x400010ec,2,0,PHY_RD_SRAM
0x400010ec,3,0,PHY_RD_SRAM
0x400010ec,4,0,PHY_RD_SRAM
0x400010ec,5,0,PHY_RD_SRAM
0x400010ec,6,0,PHY_RD_SRAM
0x400010ec,7,0,PHY_RD_SRAM
0x400010ec,8,0,PHY_RD_SRAM
0x400010ec,9,0,PHY_RD_SRAM
0x400010ec,10,0,PHY_RD_SRAM
0x400010ec,11,0,PHY_RD_SRAM
0x400010ec,12,0,PHY_RD_SRAM
0x400010ec,13,0,PHY_RD_SRAM
0x400010ec,14,0,PHY_RD_SRAM
0x400010ec,15,0,PHY_RD_SRAM
0x400010ec,16,0,PHY_RD_SRAM
0x400010ec,17,0,PHY_RD_SRAM
0x400010ec,18,0,PHY_RD_SRAM
0x400010ec,19,0,PHY_RD_SRAM
0x400010ec,20,0,PHY_RD_SRAM
0x400010ec,21,0,PHY_RD_SRAM
0x400010ec,22,0,PHY_RD_SRAM
0x400010ec,23,0,PHY_RD_SRAM
0x400010ec,24,0,reserved
0x400010ec,25,0,reserved
0x400010ec,26,0,reserved
0x400010ec,27,0,reserved
0x400010ec,28,0,reserved
0x400010ec,29,0,reserved
0x400010ec,30,0,reserved
0x400010ec,31,0,reserved
0x400010f0,0,0,RG_CAL_CEN
0x400010f0,1,0,RG_CAL_CEN
0x400010f0,2,0,RG_CAL_CEN
0x400010f0,3,0,RG_CAL_CEN
0x400010f0,4,0,RG_CAL_CEN
0x400010f0,5,0,RG_CAL_CEN
0x400010f0,6,0,RG_CAL_CEN
0x400010f0,7,0,RG_CAL_CEN
0x400010f0,8,0,RG_CAL_CEN
0x400010f0,9,0,RG_CAL_CEN
0x400010f0,10,0,RG_CAL_CEN
0x400010f0,11,1,RG_CAL_CEN
0x400010f0,12,0,reserved
0x400010f0,13,0,reserved
0x400010f0,14,0,reserved
0x400010f0,15,0,reserved
0x400010f0,16,0,reserved
0x400010f0,17,0,reserved
0x400010f0,18,0,reserved
0x400010f0,19,0,reserved
0x400010f0,20,0,reserved
0x400010f0,21,0,reserved
0x400010f0,22,0,reserved
0x400010f0,23,0,reserved
0x400010f0,24,0,reserved
0x400010f0,25,0,reserved
0x400010f0,26,0,reserved
0x400010f0,27,0,reserved
0x400010f0,28,0,reserved
0x400010f0,29,0,reserved
0x400010f0,30,0,reserved
0x400010f0,31,0,reserved
0x400010f4,0,0,RG_CAL_STR
0x400010f4,1,0,RG_CAL_STR
0x400010f4,2,0,RG_CAL_STR
0x400010f4,3,0,RG_CAL_STR
0x400010f4,4,0,RG_CAL_STR
0x400010f4,5,0,RG_CAL_STR
0x400010f4,6,1,RG_CAL_STR
0x400010f4,7,1,RG_CAL_STR
0x400010f4,8,1,RG_CAL_STR
0x400010f4,9,1,RG_CAL_STR
0x400010f4,10,1,RG_CAL_STR
0x400010f4,11,0,RG_CAL_STR
0x400010f4,12,0,reserved
0x400010f4,13,0,reserved
0x400010f4,14,0,reserved
0x400010f4,15,0,reserved
0x400010f4,16,0,reserved
0x400010f4,17,0,reserved
0x400010f4,18,0,reserved
0x400010f4,19,0,reserved
0x400010f4,20,0,reserved
0x400010f4,21,0,reserved
0x400010f4,22,0,reserved
0x400010f4,23,0,reserved
0x400010f4,24,0,reserved
0x400010f4,25,0,reserved
0x400010f4,26,0,reserved
0x400010f4,27,0,reserved
0x400010f4,28,0,reserved
0x400010f4,29,0,reserved
0x400010f4,30,0,reserved
0x400010f4,31,0,reserved
0x400010f8,0,1,RG_SDM_PT_SEL_PROG_INJ
0x400010f8,1,0,RG_SDM_PT_SEL_PROG_INJ
0x400010f8,2,1,RG_SDM_PT_SEL_PROG_DELAY
0x400010f8,3,0,RG_SDM_PT_SEL_PROG_DELAY
0x400010f8,4,0,RG_SDM_PT_SEL_PROG_TREADY
0x400010f8,5,0,RG_SDM_PT_SEL_PROG_TREADY
0x400010f8,6,0,RG_SDM_PT_SEL_PROG_STEP_SIZE
0x400010f8,7,0,reserved
0x400010f8,8,0,reserved
0x400010f8,9,0,reserved
0x400010f8,10,0,reserved
0x400010f8,11,0,reserved
0x400010f8,12,0,reserved
0x400010f8,13,0,reserved
0x400010f8,14,0,reserved
0x400010f8,15,0,reserved
0x400010f8,16,0,reserved
0x400010f8,17,0,reserved
0x400010f8,18,0,reserved
0x400010f8,19,0,reserved
0x400010f8,20,0,reserved
0x400010f8,21,0,reserved
0x400010f8,22,0,reserved
0x400010f8,23,0,reserved
0x400010f8,24,0,reserved
0x400010f8,25,0,reserved
0x400010f8,26,0,reserved
0x400010f8,27,0,reserved
0x400010f8,28,0,reserved
0x400010f8,29,0,reserved
0x400010f8,30,0,reserved
0x400010f8,31,0,reserved
0x400010fc,0,1,RG_SDM_CTL_SDM_EN
0x400010fc,1,0,RG_SDM_CTL_FAST_ST_EN
0x400010fc,2,0,reserved
0x400010fc,3,0,reserved
0x400010fc,4,0,reserved
0x400010fc,5,0,reserved
0x400010fc,6,0,reserved
0x400010fc,7,0,reserved
0x400010fc,8,0,reserved
0x400010fc,9,0,reserved
0x400010fc,10,0,reserved
0x400010fc,11,0,reserved
0x400010fc,12,0,reserved
0x400010fc,13,0,reserved
0x400010fc,14,0,reserved
0x400010fc,15,0,reserved
0x400010fc,16,0,reserved
0x400010fc,17,0,reserved
0x400010fc,18,0,reserved
0x400010fc,19,0,reserved
0x400010fc,20,0,reserved
0x400010fc,21,0,reserved
0x400010fc,22,0,reserved
0x400010fc,23,0,reserved
0x400010fc,24,0,reserved
0x400010fc,25,0,reserved
0x400010fc,26,0,reserved
0x400010fc,27,0,reserved
0x400010fc,28,0,reserved
0x400010fc,29,0,reserved
0x400010fc,30,0,reserved
0x400010fc,31,0,reserved
0x40001100,0,0,r_strap_mode_overwrite
0x40001100,1,0,r_strap_mode_overwrite
0x40001100,2,0,r_strap_mode_overwrite
0x40001100,3,0,r_strap_mode_overwrite
0x40001100,4,0,r_strap_mode_overwrite_en
0x40001100,5,0,reserved
0x40001100,6,0,reserved
0x40001100,7,0,reserved
0x40001100,8,0,reserved
0x40001100,9,0,reserved
0x40001100,10,0,reserved
0x40001100,11,0,reserved
0x40001100,12,0,reserved
0x40001100,13,0,reserved
0x40001100,14,0,reserved
0x40001100,15,0,reserved
0x40001100,16,0,reserved
0x40001100,17,0,reserved
0x40001100,18,0,reserved
0x40001100,19,0,reserved
0x40001100,20,0,reserved
0x40001100,21,0,reserved
0x40001100,22,0,reserved
0x40001100,23,0,reserved
0x40001100,24,0,reserved
0x40001100,25,0,reserved
0x40001100,26,0,reserved
0x40001100,27,0,reserved
0x40001100,28,0,reserved
0x40001100,29,0,reserved
0x40001100,30,0,reserved
0x40001100,31,0,reserved
0x40001104,0,0,r_rfm_swrst_en
0x40001104,1,0,reserved
0x40001104,2,0,r_i2c_swrst_en
0x40001104,3,0,r_pwm_swrst_en
0x40001104,4,0,r_tmr0_swrst_en
0x40001104,5,0,r_tmr1_swrst_en
0x40001104,6,0,r_wdt_swrst_en
0x40001104,7,0,r_vic_swrst_en
0x40001104,8,0,r_sys_swrst_en
0x40001104,9,0,r_spi0_swrst_en
0x40001104,10,0,r_spi1_swrst_en
0x40001104,11,0,r_spi2_swrst_en
0x40001104,12,0,r_uart0_swrst_en
0x40001104,13,0,r_uart1_swrst_en
0x40001104,14,0,r_aps_uart_swrst_en
0x40001104,15,0,r_otp_swrst_en
0x40001104,16,0,r_m3dma_swrst_en
0x40001104,17,0,r_m3rom_swrst_en
0x40001104,18,0,r_m3ram_swrst_en
0x40001104,19,0,r_m3jtag_swrst_en
0x40001104,20,0,r_m3apb_swrst_en
0x40001104,21,0,r_m3aps_swrst_en
0x40001104,22,0,r_m3msq_swrst_en
0x40001104,23,0,r_m3cm3_swrst_en
0x40001104,24,0,r_scrt_swrst_en
0x40001104,25,0,r_tap_swrst_en
0x40001104,26,0,reserved
0x40001104,27,0,reserved
0x40001104,28,0,reserved
0x40001104,29,0,reserved
0x40001104,30,0,reserved
0x40001104,31,0,reserved
0x40001108,0,0,r_m0rom_swrst_en
0x40001108,1,0,r_sdm_xtal_swrst_en
0x40001108,2,0,reserved
0x40001108,3,0,r_m0msq_swrst_en
0x40001108,4,0,r_m0aps_swrst_en
0x40001108,5,0,r_m0mac_swrst_en
0x40001108,6,0,r_m0phy_swrst_en
0x40001108,7,0,r_m0wdt_swrst_en
0x40001108,8,0,r_m0vic_swrst_en
0x40001108,9,0,r_m0phyreg_swrst_en
0x40001108,10,0,r_m0aos_swrst_en
0x40001108,11,0,r_cm0_swrst_en
0x40001108,12,0,r_rfphy_swrst_en
0x40001108,13,0,r_m0spi_swrst_en
0x40001108,14,0,r_m0uart_swrst_en
0x40001108,15,0,r_m0prog_pu_swrst_en
0x40001108,16,0,reserved
0x40001108,17,0,reserved
0x40001108,18,0,reserved
0x40001108,19,0,reserved
0x40001108,20,0,reserved
0x40001108,21,0,reserved
0x40001108,22,0,reserved
0x40001108,23,0,reserved
0x40001108,24,0,reserved
0x40001108,25,0,reserved
0x40001108,26,0,reserved
0x40001108,27,0,reserved
0x40001108,28,0,reserved
0x40001108,29,0,reserved
0x40001108,30,0,reserved
0x40001108,31,0,reserved
0x4000110c,0,0,rg_spare
0x4000110c,1,0,rg_spare
0x4000110c,2,0,rg_spare
0x4000110c,3,0,rg_spare
0x4000110c,4,0,rg_spare
0x4000110c,5,0,rg_spare
0x4000110c,6,0,rg_spare
0x4000110c,7,0,rg_spare
0x4000110c,8,0,rg_spare
0x4000110c,9,0,rg_spare
0x4000110c,10,0,rg_spare
0x4000110c,11,0,rg_spare
0x4000110c,12,0,rg_spare
0x4000110c,13,0,rg_spare
0x4000110c,14,0,rg_spare
0x4000110c,15,0,rg_spare
0x4000110c,16,0,rg_spare
0x4000110c,17,0,rg_spare
0x4000110c,18,0,rg_spare
0x4000110c,19,0,rg_spare
0x4000110c,20,0,rg_spare
0x4000110c,21,0,rg_spare
0x4000110c,22,0,rg_spare
0x4000110c,23,0,rg_spare
0x4000110c,24,0,rg_spare
0x4000110c,25,0,rg_spare
0x4000110c,26,0,rg_spare
0x4000110c,27,0,rg_spare
0x4000110c,28,0,rg_spare
0x4000110c,29,0,rg_spare
0x4000110c,30,0,rg_spare
0x4000110c,31,0,rg_spare
0x40001110,0,0,APS_SPI0_SS_IN_IO
0x40001110,1,0,APS_SPI0_SS_IN_IO
0x40001110,2,0,APS_SPI0_SS_IN_IO
0x40001110,3,0,APS_SPI0_SS_IN_IO
0x40001110,4,0,APS_SPI1_SS_IN_IO
0x40001110,5,0,APS_SPI1_SS_IN_IO
0x40001110,6,0,APS_SPI1_SS_IN_IO
0x40001110,7,0,APS_SPI1_SS_IN_IO
0x40001110,8,0,APS_SPI2_SS_IN_IO
0x40001110,9,0,APS_SPI2_SS_IN_IO
0x40001110,10,0,APS_SPI2_SS_IN_IO
0x40001110,11,0,APS_SPI2_SS_IN_IO
0x40001110,12,0,MSQ_SPI_SS_IN_IO
0x40001110,13,0,MSQ_SPI_SS_IN_IO
0x40001110,14,0,MSQ_SPI_SS_IN_IO
0x40001110,15,0,MSQ_SPI_SS_IN_IO
0x40001110,16,0,reserved
0x40001110,17,0,reserved
0x40001110,18,0,reserved
0x40001110,19,0,reserved
0x40001110,20,0,reserved
0x40001110,21,0,reserved
0x40001110,22,0,reserved
0x40001110,23,0,reserved
0x40001110,24,0,reserved
0x40001110,25,0,reserved
0x40001110,26,0,reserved
0x40001110,27,0,reserved
0x40001110,28,0,reserved
0x40001110,29,0,reserved
0x40001110,30,0,reserved
0x40001110,31,0,reserved
0x40001114,0,0,reserved
0x40001114,1,0,reserved
0x40001114,2,0,reserved
0x40001114,3,0,reserved
0x40001114,4,0,reserved
0x40001114,5,0,reserved
0x40001114,6,0,reserved
0x40001114,7,0,reserved
0x40001114,8,0,reserved
0x40001114,9,0,reserved
0x40001114,10,0,reserved
0x40001114,11,0,reserved
0x40001114,12,0,CLK_EXT_M3_IO
0x40001114,13,0,CLK_EXT_M3_IO
0x40001114,14,0,CLK_EXT_M3_IO
0x40001114,15,0,CLK_EXT_M3_IO
0x40001114,16,0,CLK_EXT_M0_IO
0x40001114,17,0,CLK_EXT_M0_IO
0x40001114,18,0,CLK_EXT_M0_IO
0x40001114,19,0,CLK_EXT_M0_IO
0x40001114,20,0,reserved
0x40001114,21,0,reserved
0x40001114,22,0,reserved
0x40001114,23,0,reserved
0x40001114,24,0,reserved
0x40001114,25,0,reserved
0x40001114,26,0,reserved
0x40001114,27,0,reserved
0x40001114,28,0,reserved
0x40001114,29,0,reserved
0x40001114,30,0,reserved
0x40001114,31,0,reserved
0x40001118,0,0,SRAM_RET_ACK
0x40001118,1,0,SRAM_RET_ACK
0x40001118,2,0,SRAM_RET_ACK
0x40001118,3,0,SRAM_RET_ACK
0x40001118,4,0,SRAM_RET_ACK
0x40001118,5,0,SRAM_RET_ACK
0x40001118,6,0,SRAM_RET_ACK
0x40001118,7,0,SRAM_RET_ACK
0x40001118,8,0,SRAM_RET_ACK
0x40001118,9,0,SRAM_RET_ACK
0x40001118,10,0,SRAM_RET_ACK
0x40001118,11,0,SRAM_RET_ACK
0x40001118,12,0,SRAM_RET_ACK
0x40001118,13,0,SRAM_RET_ACK
0x40001118,14,0,SRAM_RET_ACK
0x40001118,15,0,SRAM_RET_ACK
0x40001118,16,0,SRAM_RET_ACK
0x40001118,17,0,SRAM_RET_ACK
0x40001118,18,0,SRAM_RET_ACK
0x40001118,19,0,SRAM_RET_ACK
0x40001118,20,0,reserved
0x40001118,21,0,reserved
0x40001118,22,0,reserved
0x40001118,23,0,reserved
0x40001118,24,0,reserved
0x40001118,25,0,reserved
0x40001118,26,0,reserved
0x40001118,27,0,reserved
0x40001118,28,0,reserved
0x40001118,29,0,reserved
0x40001118,30,0,reserved
0x40001118,31,0,reserved
0x4000111c,0,0,r_msq_remap_rom_en
0x4000111c,1,0,reserved
0x4000111c,2,0,reserved
0x4000111c,3,0,reserved
0x4000111c,4,0,reserved
0x4000111c,5,0,reserved
0x4000111c,6,0,reserved
0x4000111c,7,0,reserved
0x4000111c,8,0,reserved
0x4000111c,9,0,reserved
0x4000111c,10,0,reserved
0x4000111c,11,0,reserved
0x4000111c,12,0,reserved
0x4000111c,13,0,reserved
0x4000111c,14,0,reserved
0x4000111c,15,0,reserved
0x4000111c,16,0,reserved
0x4000111c,17,0,reserved
0x4000111c,18,0,reserved
0x4000111c,19,0,reserved
0x4000111c,20,0,reserved
0x4000111c,21,0,reserved
0x4000111c,22,0,reserved
0x4000111c,23,0,reserved
0x4000111c,24,0,reserved
0x4000111c,25,0,reserved
0x4000111c,26,0,reserved
0x4000111c,27,0,reserved
0x4000111c,28,0,reserved
0x4000111c,29,0,reserved
0x4000111c,30,0,reserved
0x4000111c,31,0,reserved
0x40001120,0,1,AOS_ID
0x40001120,1,0,AOS_ID
0x40001120,2,0,AOS_ID
0x40001120,3,0,AOS_ID
0x40001120,4,0,AOS_ID
0x40001120,5,0,AOS_ID
0x40001120,6,0,AOS_ID
0x40001120,7,0,AOS_ID
0x40001120,8,0,AOS_ID
0x40001120,9,0,AOS_ID
0x40001120,10,0,AOS_ID
0x40001120,11,0,AOS_ID
0x40001120,12,0,AOS_ID
0x40001120,13,1,AOS_ID
0x40001120,14,0,AOS_ID
0x40001120,15,1,AOS_ID
0x40001120,16,0,AOS_ID
0x40001120,17,0,AOS_ID
0x40001120,18,0,AOS_ID
0x40001120,19,0,AOS_ID
0x40001120,20,0,AOS_ID
0x40001120,21,0,AOS_ID
0x40001120,22,0,AOS_ID
0x40001120,23,0,AOS_ID
0x40001120,24,0,AOS_ID
0x40001120,25,0,AOS_ID
0x40001120,26,0,AOS_ID
0x40001120,27,0,AOS_ID
0x40001120,28,1,AOS_ID
0x40001120,29,0,AOS_ID
0x40001120,30,0,AOS_ID
0x40001120,31,0,AOS_ID
0x40001124,0,0,rg_spare1
0x40001124,1,0,rg_spare1
0x40001124,2,0,rg_spare1
0x40001124,3,0,rg_spare1
0x40001124,4,0,rg_spare1
0x40001124,5,0,rg_spare1
0x40001124,6,0,rg_spare1
0x40001124,7,0,rg_spare1
0x40001124,8,0,rg_spare1
0x40001124,9,0,rg_spare1
0x40001124,10,0,rg_spare1
0x40001124,11,0,rg_spare1
0x40001124,12,0,rg_spare1
0x40001124,13,0,rg_spare1
0x40001124,14,0,rg_spare1
0x40001124,15,0,rg_spare1
0x40001124,16,0,rg_spare1
0x40001124,17,0,rg_spare1
0x40001124,18,0,rg_spare1
0x40001124,19,0,rg_spare1
0x40001124,20,0,rg_spare1
0x40001124,21,0,rg_spare1
0x40001124,22,0,rg_spare1
0x40001124,23,0,rg_spare1
0x40001124,24,0,rg_spare1
0x40001124,25,0,rg_spare1
0x40001124,26,0,rg_spare1
0x40001124,27,0,rg_spare1
0x40001124,28,0,rg_spare1
0x40001124,29,0,rg_spare1
0x40001124,30,0,rg_spare1
0x40001124,31,0,rg_spare1
0x40001128,0,0,rg_rsts_m3_wdt
0x40001128,1,0,rg_rsts_m0_wdt
0x40001128,2,0,rg_rsts_swrst
0x40001128,3,0,rg_rsts_cpor
0x40001128,4,0,rg_rsts_spor
0x40001128,5,0,reserved
0x40001128,6,0,reserved
0x40001128,7,0,reserved
0x40001128,8,0,reserved
0x40001128,9,0,reserved
0x40001128,10,0,reserved
0x40001128,11,0,reserved
0x40001128,12,0,reserved
0x40001128,13,0,reserved
0x40001128,14,0,reserved
0x40001128,15,0,reserved
0x40001128,16,0,reserved
0x40001128,17,0,reserved
0x40001128,18,0,reserved
0x40001128,19,0,reserved
0x40001128,20,0,reserved
0x40001128,21,0,reserved
0x40001128,22,0,reserved
0x40001128,23,0,reserved
0x40001128,24,0,reserved
0x40001128,25,0,reserved
0x40001128,26,0,reserved
0x40001128,27,0,reserved
0x40001128,28,0,reserved
0x40001128,29,0,reserved
0x40001128,30,0,reserved
0x40001128,31,0,reserved
0x4000112c,0,0,rg_spare2
0x4000112c,1,0,rg_spare2
0x4000112c,2,0,rg_spare2
0x4000112c,3,0,rg_spare2
0x4000112c,4,0,rg_spare2
0x4000112c,5,0,rg_spare2
0x4000112c,6,0,rg_spare2
0x4000112c,7,0,rg_spare2
0x4000112c,8,0,rg_spare2
0x4000112c,9,0,rg_spare2
0x4000112c,10,0,rg_spare2
0x4000112c,11,0,rg_spare2
0x4000112c,12,0,rg_spare2
0x4000112c,13,0,rg_spare2
0x4000112c,14,0,rg_spare2
0x4000112c,15,0,rg_spare2
0x4000112c,16,0,rg_spare2
0x4000112c,17,0,rg_spare2
0x4000112c,18,0,rg_spare2
0x4000112c,19,0,rg_spare2
0x4000112c,20,0,rg_spare2
0x4000112c,21,0,rg_spare2
0x4000112c,22,0,rg_spare2
0x4000112c,23,0,rg_spare2
0x4000112c,24,0,rg_spare2
0x4000112c,25,0,rg_spare2
0x4000112c,26,0,rg_spare2
0x4000112c,27,0,rg_spare2
0x4000112c,28,0,rg_spare2
0x4000112c,29,0,rg_spare2
0x4000112c,30,0,rg_spare2
0x4000112c,31,0,rg_spare2
0x40001130,0,0,rg_spare3
0x40001130,1,0,rg_spare3
0x40001130,2,0,rg_spare3
0x40001130,3,0,rg_spare3
0x40001130,4,0,rg_spare3
0x40001130,5,0,rg_spare3
0x40001130,6,0,rg_spare3
0x40001130,7,0,rg_spare3
0x40001130,8,0,rg_spare3
0x40001130,9,0,rg_spare3
0x40001130,10,0,rg_spare3
0x40001130,11,0,rg_spare3
0x40001130,12,0,rg_spare3
0x40001130,13,0,rg_spare3
0x40001130,14,0,rg_spare3
0x40001130,15,0,rg_spare3
0x40001130,16,0,rg_spare3
0x40001130,17,0,rg_spare3
0x40001130,18,0,rg_spare3
0x40001130,19,0,rg_spare3
0x40001130,20,0,rg_spare3
0x40001130,21,0,rg_spare3
0x40001130,22,0,rg_spare3
0x40001130,23,0,rg_spare3
0x40001130,24,0,rg_spare3
0x40001130,25,0,rg_spare3
0x40001130,26,0,rg_spare3
0x40001130,27,0,rg_spare3
0x40001130,28,0,rg_spare3
0x40001130,29,0,rg_spare3
0x40001130,30,0,rg_spare3
0x40001130,31,0,rg_spare3
0x40001134,0,0,r_m3_clksel
0x40001134,1,0,r_m3_clksel
0x40001134,2,0,r_m3_clk_divn_sel
0x40001134,3,0,r_m3_pclk_divn_sel
0x40001134,4,1,r_m3_glb_clk_en
0x40001134,5,1,r_i2c_pclk_en
0x40001134,6,1,r_tmr0_pclk_en
0x40001134,7,1,r_tmr1_pclk_en
0x40001134,8,1,r_wdt_pclk_en
0x40001134,9,1,r_vic_pclk_en
0x40001134,10,1,r_spi0_pclk_en
0x40001134,11,1,r_spi1_pclk_en
0x40001134,12,1,r_spi2_pclk_en
0x40001134,13,1,r_uart0_pclk_en
0x40001134,14,1,r_uart1_pclk_en
0x40001134,15,1,r_aps_uart_pclk_en
0x40001134,16,1,r_otp_pclk_en
0x40001134,17,1,r_cm3_hclk_en
0x40001134,18,1,r_m3dma_hclk_en
0x40001134,19,1,r_m3rom_hclk_en
0x40001134,20,1,r_m3ram_hclk_en
0x40001134,21,1,r_m3apb_hclk_en
0x40001134,22,1,r_m3aps_hclk_en
0x40001134,23,1,r_m3msq_hclk_en
0x40001134,24,1,r_m3scrt_hclk_en
0x40001134,25,1,r_cm3_fclk_en
0x40001134,26,1,r_pwm_clk_en
0x40001134,27,0,r_pwm_clksel
0x40001134,28,1,r_m3jtag_hclk_en
0x40001134,29,0,r_176m_src_sel
0x40001134,30,1,r_aps_wdt_en
0x40001134,31,0,r_176m_src_sel_1
0x40001138,0,0,r_m0_clksel
0x40001138,1,0,r_m0_clksel
0x40001138,2,1,r_m0_glb_clk_en
0x40001138,3,0,r_m0_clk_divn_sel
0x40001138,4,1,r_m0rom_hclk_en
0x40001138,5,1,r_m0ram_hclk_en
0x40001138,6,0,reserved
0x40001138,7,1,r_m0msq_hclk_en
0x40001138,8,1,r_m0aps_hclk_en
0x40001138,9,1,r_m0mac_hclk_en
0x40001138,10,1,r_m0phy_hclk_en
0x40001138,11,1,r_m0phyreg_hclk_en
0x40001138,12,1,r_m0aos_hclk_en
0x40001138,13,1,r_m0wdt_hclk_en
0x40001138,14,1,r_m0vic_hclk_en
0x40001138,15,1,r_cm0_fclk_en
0x40001138,16,1,r_cm0_dclk_en
0x40001138,17,1,r_cm0_sclk_en
0x40001138,18,1,r_m0pu_hclk_en
0x40001138,19,1,r_cm0_hclk_en
0x40001138,20,1,r_msq_wdt_en
0x40001138,21,1,r_m0_spi_pclk_en
0x40001138,22,1,r_m0_uart_pclk_en
0x40001138,23,1,r_m3_clk_divn_ungated
0x40001138,24,1,r_m3_pclk_divn_ungated
0x40001138,25,1,r_m0_clk_divn_ungated
0x40001138,26,0,reserved
0x40001138,27,0,reserved
0x40001138,28,0,reserved
0x40001138,29,0,reserved
0x40001138,30,0,reserved
0x40001138,31,0,reserved
0x4000113c,0,1,r_rfclk_source_en
0x4000113c,1,1,r_rfbb_176m_clk_en
0x4000113c,2,1,r_rfmmd_clk_en
0x4000113c,3,0,r_rfclk_div2_sel
0x4000113c,4,0,r_rfclk_test_sel_ctrl
0x4000113c,5,0,r_rfclk_test_sel_ctrl
0x4000113c,6,0,r_rfcap_d2f_clk_sel_ctrl
0x4000113c,7,0,r_rfcap_d2f_clk_sel_ctrl
0x4000113c,8,1,r_rfclk_s22m_tx_en
0x4000113c,9,1,r_rfclk_s22m_rx_en
0x4000113c,10,1,r_rfclk_s44m_tx_en
0x4000113c,11,1,r_rfclk_s44m_rx_en
0x4000113c,12,1,r_rfclk_q176m_tx_en
0x4000113c,13,1,r_rfclk_q176m_rx_en
0x4000113c,14,1,r_rfcap_fifo2sram_en
0x4000113c,15,1,r_rfclk_q088m_tx_en
0x4000113c,16,1,r_rfclk_q088m_rx_en
0x4000113c,17,1,r_rfclk_q044m_tx_en
0x4000113c,18,1,r_rfclk_q044m_rx_en
0x4000113c,19,1,r_rfcap_data2fifo_en
0x4000113c,20,0,r_rfmmd_clk_inv
0x4000113c,21,0,r_rfbb_176m_clk_inv
0x4000113c,22,0,r_xtal_x2_clk_inv
0x4000113c,23,1,r_rfclk_div2_ungated
0x4000113c,24,0,reserved
0x4000113c,25,0,reserved
0x4000113c,26,0,reserved
0x4000113c,27,0,reserved
0x4000113c,28,0,reserved
0x4000113c,29,0,reserved
0x4000113c,30,0,reserved
0x4000113c,31,0,reserved
0x40001140,0,1,r_scrt_slv_clk_gate_en
0x40001140,1,1,r_scrt_core_clk_gate_en
0x40001140,2,0,reserved
0x40001140,3,0,reserved
0x40001140,4,0,reserved
0x40001140,5,0,reserved
0x40001140,6,0,reserved
0x40001140,7,0,reserved
0x40001140,8,0,reserved
0x40001140,9,0,reserved
0x40001140,10,0,reserved
0x40001140,11,0,reserved
0x40001140,12,0,reserved
0x40001140,13,0,reserved
0x40001140,14,0,reserved
0x40001140,15,0,reserved
0x40001140,16,0,reserved
0x40001140,17,0,reserved
0x40001140,18,0,reserved
0x40001140,19,0,reserved
0x40001140,20,0,reserved
0x40001140,21,0,reserved
0x40001140,22,0,reserved
0x40001140,23,0,reserved
0x40001140,24,0,reserved
0x40001140,25,0,reserved
0x40001140,26,0,reserved
0x40001140,27,0,reserved
0x40001140,28,0,reserved
0x40001140,29,0,reserved
0x40001140,30,0,reserved
0x40001140,31,0,reserved
0x40001198,0,0,r_cm3_clk_mmfactor
0x40001198,1,0,r_cm3_clk_mmfactor
0x40001198,2,0,r_cm3_clk_mmfactor
0x40001198,3,0,r_cm3_clk_mmfactor
0x40001198,4,1,r_cm3_clk_mmfactor
0x40001198,5,0,r_cm3_clk_mmfactor_en
0x40001198,6,0,reserved
0x40001198,7,0,reserved
0x40001198,8,0,reserved
0x40001198,9,0,reserved
0x40001198,10,0,reserved
0x40001198,11,0,reserved
0x40001198,12,0,reserved
0x40001198,13,0,reserved
0x40001198,14,0,reserved
0x40001198,15,0,reserved
0x40001198,16,0,reserved
0x40001198,17,0,reserved
0x40001198,18,0,reserved
0x40001198,19,0,reserved
0x40001198,20,0,reserved
0x40001198,21,0,reserved
0x40001198,22,0,reserved
0x40001198,23,0,reserved
0x40001198,24,0,reserved
0x40001198,25,0,reserved
0x40001198,26,0,reserved
0x40001198,27,0,reserved
0x40001198,28,0,reserved
0x40001198,29,0,reserved
0x40001198,30,0,reserved
0x40001198,31,0,reserved
