Address,Bit,value,name
0x40009000,0,1,RG_DYNRXTX_TR_TUNC
0x40009000,1,1,RG_DYNRXTX_TR_TUNC
0x40009000,2,1,RG_DYNRXTX_TR_TUNC
0x40009000,3,0,RG_DYNRXTX_TR_TUNC
0x40009000,4,0,RG_DYNRXTX_LNA_RIN
0x40009000,5,0,RG_DYNRXTX_LNA_RIN
0x40009000,6,0,RG_DYNRXTX_LNA_RIN
0x40009000,7,0,reserved
0x40009000,8,0,RG_DYNRXTX_LNA_GC
0x40009000,9,0,RG_DYNRXTX_LNA_GC
0x40009000,10,0,RG_DYNRXTX_LNA_GC
0x40009000,11,0,RG_DYNRXTX_LNA_GC
0x40009000,12,1,RG_DYNRXTX_LNA_GC
0x40009000,13,1,RG_DYNRXTX_LNA_GC
0x40009000,14,0,RG_DYNRXTX_IBOOST_LNA
0x40009000,15,0,reserved
0x40009000,16,1,RG_DYNRXTX_RXFILT_C2A
0x40009000,17,1,RG_DYNRXTX_RXFILT_C2A
0x40009000,18,0,RG_DYNRXTX_RXFILT_C2A
0x40009000,19,0,RG_DYNRXTX_RXFILT_C2A
0x40009000,20,0,RG_DYNRXTX_RXFILT_C2A
0x40009000,21,0,RG_DYNRXTX_RXFILT_C2A
0x40009000,22,0,RG_DYNRXTX_RXFILT_C2A
0x40009000,23,0,RG_DYNRXTX_RXFILT_C2A
0x40009000,24,0,RG_DYNRXTX_RXFILT_R2A
0x40009000,25,0,RG_DYNRXTX_RXFILT_R2A
0x40009000,26,0,RG_DYNRXTX_RXFILT_R2A
0x40009000,27,0,RG_DYNRXTX_RXFILT_R2A
0x40009000,28,0,RG_DYNRXTX_RXFILT_R2A
0x40009000,29,0,RG_DYNRXTX_RXFILT_R2A
0x40009000,30,0,RG_DYNRXTX_RXFILT_R2A
0x40009000,31,0,reserved
0x40009004,0,0,RG_DYNRXTX_RXFILT_RX
0x40009004,1,0,RG_DYNRXTX_RXFILT_RX
0x40009004,2,0,RG_DYNRXTX_RXFILT_RX
0x40009004,3,0,RG_DYNRXTX_RXFILT_RX
0x40009004,4,0,RG_DYNRXTX_RXFILT_RX
0x40009004,5,0,RG_DYNRXTX_RXFILT_RX
0x40009004,6,1,RG_DYNRXTX_POLY_GC
0x40009004,7,0,RG_DYNRXTX_POLY_GC
0x40009004,8,0,RG_DYNRXTX_RXFILT_R1B
0x40009004,9,0,RG_DYNRXTX_RXFILT_R1B
0x40009004,10,0,RG_DYNRXTX_RXFILT_R1B
0x40009004,11,0,RG_DYNRXTX_RXFILT_R1B
0x40009004,12,1,RG_DYNRXTX_RXFILT_R1B
0x40009004,13,0,reserved
0x40009004,14,0,reserved
0x40009004,15,0,reserved
0x40009004,16,0,RG_DYNRXTX_RXFILT_RF
0x40009004,17,0,RG_DYNRXTX_RXFILT_RF
0x40009004,18,0,RG_DYNRXTX_RXFILT_RF
0x40009004,19,0,RG_DYNRXTX_RXFILT_RF
0x40009004,20,0,RG_DYNRXTX_RXFILT_RF
0x40009004,21,0,RG_DYNRXTX_RXFILT_RF
0x40009004,22,0,RG_DYNRXTX_RXFILT_RF
0x40009004,23,0,reserved
0x40009004,24,0,reserved
0x40009004,25,0,reserved
0x40009004,26,0,reserved
0x40009004,27,0,reserved
0x40009004,28,0,reserved
0x40009004,29,0,reserved
0x40009004,30,0,reserved
0x40009004,31,0,reserved
0x40009008,0,0,RG_DYNRXTX_RX_TX_EN
0x40009008,1,1,RG_DYNRXTX_RXFILT_ENX
0x40009008,2,0,RG_DYNRXTX_RXFILT_EN_ST2
0x40009008,3,0,RG_RX_TRIMC
0x40009008,4,1,RG_RX_TRIMC
0x40009008,5,0,RG_RX_TRIMC
0x40009008,6,0,RG_RX_TRIMC
0x40009008,7,1,RG_RX_TRIMC
0x40009008,8,0,RG_RX_CTR_VCM
0x40009008,9,0,RG_RX_CTR_VCM
0x40009008,10,1,RG_RX_CTR_VCM
0x40009008,11,0,reserved
0x40009008,12,0,RG_CLK_150M_VAR_SEL
0x40009008,13,0,RG_CLK_150M_VAR_SEL
0x40009008,14,1,RG_CLK_150M_VAR_SEL
0x40009008,15,1,RG_CLK_150M_VAR_SEL
0x40009008,16,0,RG_SPARE_IDAC_RX_FILTER_BIAS
0x40009008,17,0,RG_SPARE_IDAC_RX_FILTER_BIAS
0x40009008,18,0,RG_SPARE_IDAC_RX_FILTER_BIAS
0x40009008,19,0,RG_SPARE_AUX_IN_CTRL_MUX
0x40009008,20,0,RG_SPARE_AUX_ADC_TUNE
0x40009008,21,0,RG_SPARE_EN_MUX0_MUX1
0x40009008,22,0,RG_SPARE_VCO_LDO_TEST_MUX
0x40009008,23,0,RG_SPARE_RF_LDO_TEST_MUX
0x40009008,24,0,RG_SPARE_VCOBUF_SCA_CTRL
0x40009008,25,0,RG_SPARE_VCOBUF_SCA_CTRL
0x40009008,26,0,RG_SPARE_VCOBUF_SCA_CTRL
0x40009008,27,0,RG_SPARE_VCOBUF_SCA_CTRL
0x40009008,28,1,RG_SPARE_VCOBUF_SCA_CTRL
0x40009008,29,0,RG_SPAREWIFI_TX_LO_DRV_STRENGTH_CTRL
0x40009008,30,0,RG_SPARE_CLK_GEN_80_TO_160_GATE_CTRL
0x40009008,31,0,RG_SPARE_RSSI_IN_SWITCH_WIFI_BLE
0x4000900c,0,0,RG_RX_DCOC_EN
0x4000900c,1,0,RG_RX_DCOCI_POL
0x4000900c,2,0,RG_RX_DCOCI_ITUNE
0x4000900c,3,0,RG_RX_DCOCI_ITUNE
0x4000900c,4,0,RG_RX_DCOCI_ITUNE
0x4000900c,5,0,RG_RX_DCOCI_ITUNE
0x4000900c,6,0,RG_RX_DCOCI_ITUNE
0x4000900c,7,0,RG_RX_DCOCI_ITUNE
0x4000900c,8,0,reserved
0x4000900c,9,0,reserved
0x4000900c,10,0,reserved
0x4000900c,11,0,reserved
0x4000900c,12,0,reserved
0x4000900c,13,0,reserved
0x4000900c,14,0,reserved
0x4000900c,15,0,reserved
0x4000900c,16,0,RG_RX_DCOCQ_POL
0x4000900c,17,0,RG_RX_DCOCQ_ITUNE
0x4000900c,18,0,RG_RX_DCOCQ_ITUNE
0x4000900c,19,0,RG_RX_DCOCQ_ITUNE
0x4000900c,20,0,RG_RX_DCOCQ_ITUNE
0x4000900c,21,0,RG_RX_DCOCQ_ITUNE
0x4000900c,22,0,RG_RX_DCOCQ_ITUNE
0x4000900c,23,0,RG_RSSI_TH_SEL
0x4000900c,24,0,RG_RSSI_TH_SEL
0x4000900c,25,0,RG_RSSI_TH_SEL
0x4000900c,26,0,reserved
0x4000900c,27,0,reserved
0x4000900c,28,0,reserved
0x4000900c,29,0,reserved
0x4000900c,30,0,reserved
0x4000900c,31,0,reserved
0x40009020,0,1,RG_TX_GM_GAIN
0x40009020,1,1,RG_TX_GM_GAIN
0x40009020,2,1,RG_TX_GM_GAIN
0x40009020,3,1,RG_TX_GM_GAIN
0x40009020,4,0,RG_TX_MIX_CTUNE
0x40009020,5,0,RG_TX_MIX_CTUNE
0x40009020,6,1,RG_TX_MIX_CTUNE
0x40009020,7,1,RG_TSSI_EN
0x40009020,8,0,RG_TX_MX_LODC
0x40009020,9,1,RG_TX_MX_LODC
0x40009020,10,0,RG_TSSI_GAIN
0x40009020,11,1,RG_TSSI_GAIN
0x40009020,12,0,RG_TSSI_ITUNE
0x40009020,13,0,RG_TSSI_ITUNE
0x40009020,14,1,RG_TSSI_ITUNE
0x40009020,15,0,RG_TSSI_ITUNE
0x40009020,16,0,RG_TSSI_CTUNE
0x40009020,17,1,RG_TSSI_CTUNE
0x40009020,18,1,RG_TSSI_HPPA
0x40009020,19,0,RG_TSSI_LPPA
0x40009020,20,0,RG_BLP_PA_GAIN
0x40009020,21,0,RG_BLP_PA_GAIN
0x40009020,22,0,RG_BLP_PA_GAIN
0x40009020,23,1,RG_BLP_PA_GAIN
0x40009020,24,0,RG_TX_BPA_ITUNE
0x40009020,25,0,RG_TX_BPA_ITUNE
0x40009020,26,0,RG_TX_BPA_ITUNE
0x40009020,27,1,RG_TX_BPA_ITUNE
0x40009020,28,0,RG_TX_PAD_CTUNE
0x40009020,29,0,RG_TX_PAD_CTUNE
0x40009020,30,1,RG_TX_PAD_CTUNE
0x40009020,31,0,RG_TX_PADB_GAINX
0x40009024,0,0,RG_WPA_GAIN
0x40009024,1,0,RG_WPA_GAIN
0x40009024,2,0,RG_WPA_GAIN
0x40009024,3,1,RG_WPA_GAIN
0x40009024,4,0,RG_WPA_ITUNE
0x40009024,5,0,RG_WPA_ITUNE
0x40009024,6,0,RG_WPA_ITUNE
0x40009024,7,0,RG_WPA_ITUNE
0x40009024,8,1,RG_TX_LPPA_CTUNE
0x40009024,9,1,RG_TX_LPPA_CTUNE
0x40009024,10,0,RG_TX_LPPA_CTUNE
0x40009024,11,1,RG_TX_PADW_GAINX
0x40009024,12,0,RG_TX_HPPA_GAIN
0x40009024,13,0,RG_TX_HPPA_GAIN
0x40009024,14,0,RG_TX_HPPA_GAIN
0x40009024,15,1,RG_TX_HPPA_GAIN
0x40009024,16,0,RG_TX_HPPA_ITUNE
0x40009024,17,0,RG_TX_HPPA_ITUNE
0x40009024,18,0,RG_TX_HPPA_ITUNE
0x40009024,19,0,RG_TX_HPPA_ITUNE
0x40009024,20,0,RG_TX_HPPA_CTUNE
0x40009024,21,0,RG_TX_HPPA_CTUNE
0x40009024,22,1,RG_TX_HPPA_CTUNE
0x40009024,23,0,RG_TX_HPPA_GAINX
0x40009024,24,0,RG_TX_SP2T_CTUNE
0x40009024,25,0,RG_TX_SP2T_CTUNE
0x40009024,26,1,RG_TX_SP2T_CTUNE
0x40009024,27,0,RG_DYNRXTX_TX_SP2T_TXON
0x40009024,28,1,RG_DYNRXTX_TX_SP2T_RXON
0x40009024,29,0,RG_TX_GM_VTUNE
0x40009024,30,0,RG_TX_GM_VTUNE
0x40009024,31,0,RG_TX_GM_VTUNE
0x40009028,0,0,RG_TXDAC_ITUNE
0x40009028,1,1,RG_TXDAC_ITUNE
0x40009028,2,0,RG_TXDAC_ITUNE
0x40009028,3,0,reserved
0x40009028,4,1,RG_TXDAC_CKINV
0x40009028,5,0,reserved
0x40009028,6,0,reserved
0x40009028,7,0,reserved
0x40009028,8,0,RG_DYN_MODE_TRX_SPARE5
0x40009028,9,0,RG_DYN_MODE_TRX_SPARE6
0x40009028,10,0,RG_DYN_MODE_TRX_SPARE7
0x40009028,11,0,reserved
0x40009028,12,0,reserved
0x40009028,13,0,reserved
0x40009028,14,0,reserved
0x40009028,15,0,reserved
0x40009028,16,0,reserved
0x40009028,17,0,reserved
0x40009028,18,0,reserved
0x40009028,19,0,reserved
0x40009028,20,0,reserved
0x40009028,21,0,reserved
0x40009028,22,0,reserved
0x40009028,23,0,reserved
0x40009028,24,0,reserved
0x40009028,25,0,reserved
0x40009028,26,0,reserved
0x40009028,27,0,reserved
0x40009028,28,0,reserved
0x40009028,29,0,reserved
0x40009028,30,0,reserved
0x40009028,31,0,reserved
0x4000902c,0,1,RG_PLL_LPF_R1
0x4000902c,1,0,RG_PLL_LPF_R1
0x4000902c,2,1,RG_PLL_LPF_R1
0x4000902c,3,0,RG_PLL_LPF_R1
0x4000902c,4,0,reserved
0x4000902c,5,0,reserved
0x4000902c,6,0,reserved
0x4000902c,7,0,reserved
0x4000902c,8,1,RG_PLL_LPF_C1
0x4000902c,9,1,RG_PLL_LPF_C1
0x4000902c,10,0,reserved
0x4000902c,11,0,reserved
0x4000902c,12,0,reserved
0x4000902c,13,0,reserved
0x4000902c,14,0,reserved
0x4000902c,15,0,reserved
0x4000902c,16,1,RG_PLL_LPF_C2
0x4000902c,17,1,RG_PLL_LPF_C2
0x4000902c,18,0,reserved
0x4000902c,19,0,reserved
0x4000902c,20,0,reserved
0x4000902c,21,0,reserved
0x4000902c,22,0,reserved
0x4000902c,23,0,reserved
0x4000902c,24,1,RG_PLL_LPF_R2
0x4000902c,25,0,RG_PLL_LPF_R2
0x4000902c,26,0,reserved
0x4000902c,27,0,reserved
0x4000902c,28,0,reserved
0x4000902c,29,0,reserved
0x4000902c,30,0,reserved
0x4000902c,31,0,reserved
0x40009030,0,0,RG_PLL_LPF_R3
0x40009030,1,1,RG_PLL_LPF_R3
0x40009030,2,0,RG_PLL_C_CAL
0x40009030,3,0,RG_PLL_C_CAL
0x40009030,4,1,RG_PLL_C_CAL
0x40009030,5,1,RG_PLL_C_CAL
0x40009030,6,0,RG_PLL_C_CAL
0x40009030,7,0,reserved
0x40009030,8,0,RG_PLL_LPF_C3
0x40009030,9,1,RG_PLL_LPF_C3
0x40009030,10,1,RG_PLL_LPF_C4
0x40009030,11,0,RG_PLL_LPF_C4
0x40009030,12,0,reserved
0x40009030,13,0,reserved
0x40009030,14,0,reserved
0x40009030,15,0,reserved
0x40009030,16,0,RG_PLL_LPF_VREF_EN
0x40009030,17,0,RG_PLL_LPF_VMON_EN
0x40009030,18,0,reserved
0x40009030,19,0,reserved
0x40009030,20,0,reserved
0x40009030,21,0,reserved
0x40009030,22,0,reserved
0x40009030,23,0,reserved
0x40009030,24,0,reserved
0x40009030,25,0,reserved
0x40009030,26,0,reserved
0x40009030,27,0,reserved
0x40009030,28,0,reserved
0x40009030,29,0,reserved
0x40009030,30,0,reserved
0x40009030,31,0,reserved
0x40009034,0,1,RG_PLL_CP_ICP_SCA
0x40009034,1,1,RG_PLL_CP_ICP_SCA
0x40009034,2,0,RG_PLL_CP_ICP_SCA
0x40009034,3,0,RG_PLL_CP_ICP_SCA_FINE
0x40009034,4,0,RG_PLL_CP_ICP_SCA_FINE
0x40009034,5,1,RG_PLL_CP_ICP_SCA_FINE
0x40009034,6,1,RG_PLL_CP_ICP_SCA_FINE
0x40009034,7,0,RG_PLL_CP_ICP_SCA_FINE
0x40009034,8,0,RG_PLL_CP_IOS_CTL
0x40009034,9,0,RG_PLL_CP_IOS_CTL
0x40009034,10,1,RG_PLL_CP_IOS_CTL
0x40009034,11,0,RG_PLL_CP_IOS_CTL
0x40009034,12,0,reserved
0x40009034,13,0,reserved
0x40009034,14,0,reserved
0x40009034,15,0,reserved
0x40009034,16,0,RG_PLL_PFD_DELAY_CTL
0x40009034,17,0,RG_PLL_PFD_DELAY_CTL
0x40009034,18,0,reserved
0x40009034,19,0,reserved
0x40009034,20,0,RG_PLL_PFD_DELAY_EN
0x40009034,21,0,reserved
0x40009034,22,0,reserved
0x40009034,23,0,reserved
0x40009034,24,0,reserved
0x40009034,25,0,reserved
0x40009034,26,0,reserved
0x40009034,27,0,reserved
0x40009034,28,0,reserved
0x40009034,29,0,reserved
0x40009034,30,0,reserved
0x40009034,31,0,reserved
0x40009038,0,0,reserved
0x40009038,1,0,reserved
0x40009038,2,0,reserved
0x40009038,3,0,reserved
0x40009038,4,0,reserved
0x40009038,5,0,reserved
0x40009038,6,0,reserved
0x40009038,7,0,reserved
0x40009038,8,0,RG_PLL_MMD_EN_22_44
0x40009038,9,0,reserved
0x40009038,10,0,reserved
0x40009038,11,0,reserved
0x40009038,12,0,reserved
0x40009038,13,0,reserved
0x40009038,14,0,reserved
0x40009038,15,0,reserved
0x40009038,16,0,reserved
0x40009038,17,0,reserved
0x40009038,18,0,reserved
0x40009038,19,0,reserved
0x40009038,20,0,reserved
0x40009038,21,0,reserved
0x40009038,22,0,reserved
0x40009038,23,0,reserved
0x40009038,24,0,reserved
0x40009038,25,0,reserved
0x40009038,26,0,reserved
0x40009038,27,0,reserved
0x40009038,28,0,reserved
0x40009038,29,0,reserved
0x40009038,30,0,reserved
0x40009038,31,0,reserved
0x4000903c,0,0,RG_CALADC_EN_V_FORCE_0p25V
0x4000903c,1,0,RG_CALADC_EN_V_FORCE_0p4V
0x4000903c,2,0,RG_CALADC_EN_V_FORCE_0p5V
0x4000903c,3,0,RG_CALADC_EN_V_FORCE_0p6V
0x4000903c,4,0,RG_CALADC_EN_V_FORCE_0p75V
0x4000903c,5,1,RG_CALADC_MODE
0x4000903c,6,0,reserved
0x4000903c,7,0,reserved
0x4000903c,8,0,reserved
0x4000903c,9,0,reserved
0x4000903c,10,0,reserved
0x4000903c,11,0,reserved
0x4000903c,12,0,reserved
0x4000903c,13,0,reserved
0x4000903c,14,0,reserved
0x4000903c,15,0,reserved
0x4000903c,16,0,reserved
0x4000903c,17,0,reserved
0x4000903c,18,0,reserved
0x4000903c,19,0,reserved
0x4000903c,20,0,reserved
0x4000903c,21,0,reserved
0x4000903c,22,0,reserved
0x4000903c,23,0,reserved
0x4000903c,24,0,reserved
0x4000903c,25,0,reserved
0x4000903c,26,0,reserved
0x4000903c,27,0,reserved
0x4000903c,28,0,reserved
0x4000903c,29,0,reserved
0x4000903c,30,0,reserved
0x4000903c,31,0,reserved
0x40009040,0,0,RG_VCO_SCA_COARSE_TUNE
0x40009040,1,0,RG_VCO_SCA_COARSE_TUNE
0x40009040,2,0,RG_VCO_SCA_COARSE_TUNE
0x40009040,3,1,RG_VCO_SCA_COARSE_TUNE
0x40009040,4,1,RG_VCO_SCA_COARSE_TUNE
0x40009040,5,0,RG_VCO_SCA_COARSE_TUNE
0x40009040,6,0,RG_VCO_SCA_COARSE_TUNE_QUARTER
0x40009040,7,0,reserved
0x40009040,8,1,RG_VCO_RC
0x40009040,9,0,RG_VCO_RC
0x40009040,10,0,RG_VCO_STB_EN
0x40009040,11,0,reserved
0x40009040,12,0,RG_VCO_VAR_BIAS
0x40009040,13,0,RG_VCO_VAR_BIAS
0x40009040,14,1,RG_VCO_VAR_BIAS
0x40009040,15,0,reserved
0x40009040,16,1,RG_VCO_CALVAR
0x40009040,17,1,RG_VCO_CALVAR
0x40009040,18,1,RG_VCO_CALVAR
0x40009040,19,1,RG_VCO_CALVAR
0x40009040,20,1,RG_VCO_BUFF_MODE
0x40009040,21,1,RG_VCO_BUFF_MODE
0x40009040,22,0,reserved
0x40009040,23,0,reserved
0x40009040,24,0,reserved
0x40009040,25,0,reserved
0x40009040,26,0,reserved
0x40009040,27,0,reserved
0x40009040,28,0,reserved
0x40009040,29,0,reserved
0x40009040,30,0,reserved
0x40009040,31,0,reserved
0x40009044,0,0,RG_VCO_HYS1
0x40009044,1,1,RG_VCO_HYS1
0x40009044,2,0,RG_VCO_HYS1
0x40009044,3,0,RG_VCO_BIAS_13U_ITUNE
0x40009044,4,0,RG_VCO_BIAS_13U_ITUNE
0x40009044,5,0,RG_VCO_BIAS_13U_ITUNE
0x40009044,6,1,RG_VCO_BIAS_13U_ITUNE
0x40009044,7,0,RG_VCO_BIAS_13U_ITUNE
0x40009044,8,0,RG_VCO_HYS2
0x40009044,9,1,RG_VCO_HYS2
0x40009044,10,0,RG_VCO_HYS2
0x40009044,11,0,reserved
0x40009044,12,1,RG_VCO_IOS1_CTL
0x40009044,13,1,RG_VCO_IOS1_CTL
0x40009044,14,0,RG_VCO_IOS1_CTL
0x40009044,15,0,reserved
0x40009044,16,0,RG_VCO_IOS2_CTL
0x40009044,17,1,RG_VCO_IOS2_CTL
0x40009044,18,0,RG_VCO_IOS2_CTL
0x40009044,19,0,RG_VCO_BIAS_6P5U_ITUNE
0x40009044,20,0,RG_VCO_BIAS_6P5U_ITUNE
0x40009044,21,0,RG_VCO_BIAS_6P5U_ITUNE
0x40009044,22,1,RG_VCO_BIAS_6P5U_ITUNE
0x40009044,23,1,RG_VCO_BIAS_26U_ITUNE
0x40009044,24,1,RG_VCO_BIAS_26U_ITUNE
0x40009044,25,1,RG_VCO_BIAS_26U_ITUNE
0x40009044,26,0,RG_VCO_BIAS_26U_ITUNE
0x40009044,27,0,reserved
0x40009044,28,0,reserved
0x40009044,29,0,reserved
0x40009044,30,0,reserved
0x40009044,31,0,reserved
0x40009048,0,0,RG_CK_GATE_CTRL_352M_IN_FROM_OUT
0x40009048,1,0,RG_CK_GATE_CTRL_88M_OUT_FOR_SARADC
0x40009048,2,0,RG_CK_GATE_CTRL_352M_176M_OUT_FOR_DSADC
0x40009048,3,1,RG_CK_GATE_CTRL_22M_IN_FROM_OUT
0x40009048,4,0,RG_CK_GATE_CTRL_352M_176M_OUT_FOR_DAC
0x40009048,5,0,RG_CK_GATE_CTRL_176M_OUT_TO_DIGI_DECIM
0x40009048,6,0,RG_CK_GATE_CTRL_22M_OUT_FOR_AUXADC
0x40009048,7,0,RG_CK_GATE_CTRL_176M_OUT_TO_SERDES_DSADC
0x40009048,8,0,RG_CK_GATE_CTRL_176M_OUT_TO_SERDES_DAC
0x40009048,9,1,RG_CK_GATE_CTRL_CK_XTAL_44M
0x40009048,10,1,RG_CK_GATE_CTRL_CK_XTAL_88M
0x40009048,11,1,RG_CK_GATE_CTRL_CK_RC
0x40009048,12,0,RG_CK_GATE_CTRL_22M_OUT_FOR_CALADC
0x40009048,13,1,RG_CK_GATE_CTRL_22M_XTAL_OUT_FOR_SDL
0x40009048,14,1,RG_CK_GATE_CTRL_22M_RC_FOR_SDL
0x40009048,15,1,RG_CK_RESTB
0x40009048,16,0,reserved
0x40009048,17,0,RG_CK_CTL_MUX_DSADC
0x40009048,18,0,RG_CK_CTL_MUX_DECI
0x40009048,19,0,RG_CK_CTL_MUX_DAC
0x40009048,20,0,RG_CK_CTL_MUX_DS_SERDES
0x40009048,21,0,RG_CK_CTL_MUX_DAC_SEDERS
0x40009048,22,0,RG_CK_CTL_MUX_SAR
0x40009048,23,0,RG_CK_CTL_VCO_EXT_352M
0x40009048,24,0,reserved
0x40009048,25,1,RG_CK_CAL_EN_2X4X
0x40009048,26,0,reserved
0x40009048,27,0,reserved
0x40009048,28,0,reserved
0x40009048,29,0,reserved
0x40009048,30,0,reserved
0x40009048,31,0,reserved
0x40009050,0,0,RG_SARADC_ITUNE
0x40009050,1,1,RG_SARADC_ITUNE
0x40009050,2,0,reserved
0x40009050,3,0,reserved
0x40009050,4,1,RG_SARADC_REF_E_EN
0x40009050,5,1,RG_SARADC_REF_O_EN
0x40009050,6,0,reserved
0x40009050,7,0,reserved
0x40009050,8,1,RG_SARADC_MODE
0x40009050,9,0,reserved
0x40009050,10,0,reserved
0x40009050,11,0,reserved
0x40009050,12,0,reserved
0x40009050,13,0,reserved
0x40009050,14,0,reserved
0x40009050,15,0,reserved
0x40009050,16,0,reserved
0x40009050,17,0,reserved
0x40009050,18,0,reserved
0x40009050,19,0,reserved
0x40009050,20,0,reserved
0x40009050,21,0,reserved
0x40009050,22,0,reserved
0x40009050,23,0,reserved
0x40009050,24,0,reserved
0x40009050,25,0,reserved
0x40009050,26,0,reserved
0x40009050,27,0,reserved
0x40009050,28,0,reserved
0x40009050,29,0,reserved
0x40009050,30,0,reserved
0x40009050,31,0,reserved
0x40009054,0,0,RG_SARADC_D0
0x40009054,1,0,RG_SARADC_D0
0x40009054,2,1,RG_SARADC_D0
0x40009054,3,0,reserved
0x40009054,4,0,reserved
0x40009054,5,0,reserved
0x40009054,6,0,reserved
0x40009054,7,0,reserved
0x40009054,8,0,RG_SARADC_D1
0x40009054,9,0,RG_SARADC_D1
0x40009054,10,1,RG_SARADC_D1
0x40009054,11,0,reserved
0x40009054,12,0,reserved
0x40009054,13,0,reserved
0x40009054,14,0,reserved
0x40009054,15,0,reserved
0x40009054,16,0,RG_SARADC_D2
0x40009054,17,0,RG_SARADC_D2
0x40009054,18,1,RG_SARADC_D2
0x40009054,19,0,reserved
0x40009054,20,0,reserved
0x40009054,21,0,reserved
0x40009054,22,0,reserved
0x40009054,23,0,reserved
0x40009054,24,0,RG_SARADC_D3
0x40009054,25,0,RG_SARADC_D3
0x40009054,26,1,RG_SARADC_D3
0x40009054,27,0,reserved
0x40009054,28,0,reserved
0x40009054,29,0,reserved
0x40009054,30,0,reserved
0x40009054,31,0,reserved
0x40009058,0,0,RG_DSADC_ITUNE
0x40009058,1,1,RG_DSADC_ITUNE
0x40009058,2,0,RG_DSADC_ITUNE
0x40009058,3,0,reserved
0x40009058,4,0,reserved
0x40009058,5,0,reserved
0x40009058,6,0,reserved
0x40009058,7,0,reserved
0x40009058,8,1,RG_DSADC_IDAC
0x40009058,9,1,RG_DSADC_IDAC
0x40009058,10,0,RG_DSADC_IDAC
0x40009058,11,1,RG_DSADC_F_352_176
0x40009058,12,0,reserved
0x40009058,13,0,reserved
0x40009058,14,0,reserved
0x40009058,15,0,reserved
0x40009058,16,0,RG_DSADC_RES
0x40009058,17,0,RG_DSADC_RES
0x40009058,18,1,RG_DSADC_RES
0x40009058,19,0,RG_DSADC_VCM_EN
0x40009058,20,0,RG_DSADC_VCM_VTUNE
0x40009058,21,0,RG_DSADC_VCM_VTUNE
0x40009058,22,0,RG_DSADC_VCM_VTUNE
0x40009058,23,0,reserved
0x40009058,24,0,reserved
0x40009058,25,0,reserved
0x40009058,26,0,reserved
0x40009058,27,0,reserved
0x40009058,28,0,reserved
0x40009058,29,0,reserved
0x40009058,30,0,reserved
0x40009058,31,0,reserved
0x4000905c,0,0,RG_AUX_GAIN_TUNE
0x4000905c,1,0,RG_AUX_GAIN_TUNE
0x4000905c,2,0,RG_AUX_GAIN_TUNE
0x4000905c,3,0,RG_AUX_GAIN_TUNE
0x4000905c,4,0,RG_AUX_RC_TUNE
0x4000905c,5,0,RG_AUX_RC_TUNE
0x4000905c,6,0,reserved
0x4000905c,7,0,reserved
0x4000905c,8,0,reserved
0x4000905c,9,0,reserved
0x4000905c,10,0,reserved
0x4000905c,11,0,reserved
0x4000905c,12,0,reserved
0x4000905c,13,0,reserved
0x4000905c,14,0,reserved
0x4000905c,15,0,reserved
0x4000905c,16,0,RG_AUX_REF_ITUNE
0x4000905c,17,0,RG_AUX_REF_ITUNE
0x4000905c,18,0,reserved
0x4000905c,19,0,reserved
0x4000905c,20,0,reserved
0x4000905c,21,0,reserved
0x4000905c,22,0,reserved
0x4000905c,23,0,reserved
0x4000905c,24,0,reserved
0x4000905c,25,0,reserved
0x4000905c,26,0,reserved
0x4000905c,27,0,reserved
0x4000905c,28,0,reserved
0x4000905c,29,0,reserved
0x4000905c,30,0,reserved
0x4000905c,31,0,reserved
0x40009060,0,0,RG_AUX_D0
0x40009060,1,0,RG_AUX_D0
0x40009060,2,1,RG_AUX_D0
0x40009060,3,0,RG_AUX_D1
0x40009060,4,0,RG_AUX_D1
0x40009060,5,1,RG_AUX_D1
0x40009060,6,0,reserved
0x40009060,7,0,reserved
0x40009060,8,0,reserved
0x40009060,9,0,reserved
0x40009060,10,0,reserved
0x40009060,11,0,reserved
0x40009060,12,0,reserved
0x40009060,13,0,reserved
0x40009060,14,0,reserved
0x40009060,15,0,reserved
0x40009060,16,0,reserved
0x40009060,17,0,reserved
0x40009060,18,0,reserved
0x40009060,19,0,reserved
0x40009060,20,0,reserved
0x40009060,21,0,reserved
0x40009060,22,0,reserved
0x40009060,23,0,reserved
0x40009060,24,0,reserved
0x40009060,25,0,reserved
0x40009060,26,0,reserved
0x40009060,27,0,reserved
0x40009060,28,0,reserved
0x40009060,29,0,reserved
0x40009060,30,0,reserved
0x40009060,31,0,reserved
0x40009064,0,0,RG_AUX_IN_SEL
0x40009064,1,0,RG_AUX_IN_SEL
0x40009064,2,0,RG_AUX_IN_SEL
0x40009064,3,1,RG_AUX_IN_SEL
0x40009064,4,0,reserved
0x40009064,5,0,reserved
0x40009064,6,0,reserved
0x40009064,7,0,reserved
0x40009064,8,0,reserved
0x40009064,9,0,reserved
0x40009064,10,0,reserved
0x40009064,11,0,reserved
0x40009064,12,0,reserved
0x40009064,13,0,reserved
0x40009064,14,0,reserved
0x40009064,15,0,reserved
0x40009064,16,0,reserved
0x40009064,17,0,reserved
0x40009064,18,0,reserved
0x40009064,19,0,reserved
0x40009064,20,0,reserved
0x40009064,21,0,reserved
0x40009064,22,0,reserved
0x40009064,23,0,reserved
0x40009064,24,0,reserved
0x40009064,25,0,reserved
0x40009064,26,0,reserved
0x40009064,27,0,reserved
0x40009064,28,0,reserved
0x40009064,29,0,reserved
0x40009064,30,0,reserved
0x40009064,31,0,reserved
0x40009070,0,0,RG_DYNRXTX_LORX_EN
0x40009070,1,1,RG_DYNRXTX_LO_BLETX_EN
0x40009070,2,1,RG_LO_BTBUF_STRN
0x40009070,3,1,RG_LO_BTBUF_STRN
0x40009070,4,0,RG_LO_TX_ITUNE
0x40009070,5,1,RG_LO_TX_ITUNE
0x40009070,6,0,reserved
0x40009070,7,0,reserved
0x40009070,8,0,reserved
0x40009070,9,0,reserved
0x40009070,10,0,reserved
0x40009070,11,0,reserved
0x40009070,12,0,reserved
0x40009070,13,0,reserved
0x40009070,14,0,reserved
0x40009070,15,0,reserved
0x40009070,16,0,reserved
0x40009070,17,0,reserved
0x40009070,18,0,reserved
0x40009070,19,0,reserved
0x40009070,20,0,reserved
0x40009070,21,0,reserved
0x40009070,22,0,reserved
0x40009070,23,0,reserved
0x40009070,24,0,reserved
0x40009070,25,0,reserved
0x40009070,26,0,reserved
0x40009070,27,0,reserved
0x40009070,28,0,reserved
0x40009070,29,0,reserved
0x40009070,30,0,reserved
0x40009070,31,0,reserved
0x40009074,0,0,RG_22MOSC_XIS
0x40009074,1,1,RG_22MOSC_XIS
0x40009074,2,1,RG_22MOSC_XIS
0x40009074,3,0,RG_22MOSC_XIS
0x40009074,4,0,RG_22MOSC_XIS
0x40009074,5,0,reserved
0x40009074,6,0,reserved
0x40009074,7,0,reserved
0x40009074,8,0,reserved
0x40009074,9,0,reserved
0x40009074,10,0,reserved
0x40009074,11,0,reserved
0x40009074,12,0,reserved
0x40009074,13,0,reserved
0x40009074,14,0,reserved
0x40009074,15,0,reserved
0x40009074,16,0,reserved
0x40009074,17,0,reserved
0x40009074,18,0,reserved
0x40009074,19,0,reserved
0x40009074,20,0,reserved
0x40009074,21,0,reserved
0x40009074,22,0,reserved
0x40009074,23,0,reserved
0x40009074,24,0,reserved
0x40009074,25,0,reserved
0x40009074,26,0,reserved
0x40009074,27,0,reserved
0x40009074,28,0,reserved
0x40009074,29,0,reserved
0x40009074,30,0,reserved
0x40009074,31,0,reserved
0x40009084,0,0,RG_TEST_IN
0x40009084,1,0,RG_TEST_IN
0x40009084,2,0,RG_TEST_IN
0x40009084,3,0,RG_TEST_IN
0x40009084,4,1,RG_TEST_IN
0x40009084,5,0,reserved
0x40009084,6,0,reserved
0x40009084,7,0,reserved
0x40009084,8,0,reserved
0x40009084,9,0,reserved
0x40009084,10,0,reserved
0x40009084,11,0,reserved
0x40009084,12,0,reserved
0x40009084,13,0,reserved
0x40009084,14,0,reserved
0x40009084,15,0,reserved
0x40009084,16,0,reserved
0x40009084,17,0,reserved
0x40009084,18,0,reserved
0x40009084,19,0,reserved
0x40009084,20,0,reserved
0x40009084,21,0,reserved
0x40009084,22,0,reserved
0x40009084,23,0,reserved
0x40009084,24,0,reserved
0x40009084,25,0,reserved
0x40009084,26,0,reserved
0x40009084,27,0,reserved
0x40009084,28,0,reserved
0x40009084,29,0,reserved
0x40009084,30,0,reserved
0x40009084,31,0,reserved
0x40009088,0,0,RG_CALADC
0x40009088,1,0,RG_CALADC
0x40009088,2,0,RG_CALADC
0x40009088,3,0,reserved
0x40009088,4,0,reserved
0x40009088,5,0,reserved
0x40009088,6,0,reserved
0x40009088,7,0,reserved
0x40009088,8,0,reserved
0x40009088,9,0,reserved
0x40009088,10,0,reserved
0x40009088,11,0,reserved
0x40009088,12,0,reserved
0x40009088,13,0,reserved
0x40009088,14,0,reserved
0x40009088,15,0,reserved
0x40009088,16,0,reserved
0x40009088,17,0,reserved
0x40009088,18,0,reserved
0x40009088,19,0,reserved
0x40009088,20,0,reserved
0x40009088,21,0,reserved
0x40009088,22,0,reserved
0x40009088,23,0,reserved
0x40009088,24,0,reserved
0x40009088,25,0,reserved
0x40009088,26,0,reserved
0x40009088,27,0,reserved
0x40009088,28,0,reserved
0x40009088,29,0,reserved
0x40009088,30,0,reserved
0x40009088,31,0,reserved
0x40009090,0,0,reserved
0x40009090,1,0,RG_PU_TX_GM
0x40009090,2,0,RG_PU_TX_ MIX
0x40009090,3,0,RG_PU_WLP_PA
0x40009090,4,1,RG_PU_BLP_PA
0x40009090,5,1,RG_PU_VCO
0x40009090,6,1,RG_PU_CBC
0x40009090,7,0,RG_PU_DSADC
0x40009090,8,0,RG_PU_LO
0x40009090,9,1,RG_PU_PLL
0x40009090,10,0,RG_PU_TXDAC
0x40009090,11,0,RG_PU_RXFILT
0x40009090,12,0,RG_PU_RF
0x40009090,13,1,RG_PU_RC_OSC
0x40009090,14,1,RG_PU_XTAL
0x40009090,15,1,RG_PU_2X
0x40009090,16,0,RG_PU_4X
0x40009090,17,1,RG_PU_VCO_IOS1
0x40009090,18,1,RG_PU_VCO_IOS2
0x40009090,19,0,RG_PU_CALADC
0x40009090,20,0,RG_PU_HP_PA
0x40009090,21,1,RG_PU_SP2T_RX
0x40009090,22,0,reserved
0x40009090,23,0,RG_PU_RSSI
0x40009090,24,0,RG_PU_SARADC
0x40009090,25,0,reserved
0x40009090,26,0,RG_PU_AUXADC
0x40009090,27,0,reserved
0x40009090,28,0,reserved
0x40009090,29,0,RG_PU_SP2T_TX
0x40009090,30,1,RG_PU_VL_SPARE1
0x40009090,31,0,RG_PU_VL_SPARE2
0x40009094,0,0,reserved
0x40009094,1,1,RG_PU_TX_GM_OVR_CTL
0x40009094,2,1,RG_PU_TX_MIX_OVR_CTL
0x40009094,3,1,RG_PU_WLP_PA_OVR_CTL
0x40009094,4,1,RG_PU_BLP_PA_OVR_CTL
0x40009094,5,1,RG_PU_VCO_OVR_CTL
0x40009094,6,1,RG_PU_CBC_OVR_CTL
0x40009094,7,1,RG_PU_DSADC_OVR_CTL
0x40009094,8,1,RG_PU_LO_OVR_CTL
0x40009094,9,1,RG_PU_PLL_OVR_CTL
0x40009094,10,1,RG_PU_TXDAC_OVR_CTL
0x40009094,11,1,RG_PU_RXFILT_OVR_CTL
0x40009094,12,1,RG_PU_RF_OVR_CTL
0x40009094,13,1,RG_PU_RC_OSC_OVR_CTL
0x40009094,14,1,RG_PU_XTAL_OVR_CTL
0x40009094,15,1,RG_PU_2X_OVR_CTL
0x40009094,16,1,RG_PU_4X_OVR_CTL
0x40009094,17,1,RG_PU_VCO_IOS1_OVR_CTL
0x40009094,18,1,RG_PU_VCO_IOS2_OVR_CTL
0x40009094,19,1,RG_PU_CALADC_OVR_CTL
0x40009094,20,1,RG_PU_HP_PA_OVR_CTL
0x40009094,21,1,RG_PU_SP2T_RX_OVR_CTL
0x40009094,22,0,reserved
0x40009094,23,1,RG_PU_RSSI_OVR_CTL
0x40009094,24,1,RG_PU_SARADC_OVR_CTL
0x40009094,25,0,reserved
0x40009094,26,1,RG_PU_AUXADC_OVR_CTL
0x40009094,27,0,reserved
0x40009094,28,0,reserved
0x40009094,29,1,RG_PU_SP2T_TX_OVR_CTL
0x40009094,30,1,RG_PU_VL_SPARE1_OVR_CTL
0x40009094,31,1,RG_PU_VL_SPARE2_OVR_CTL
0x40009098,0,0,RG_DYNRXTX_ TR_TUNC_OVR_CTL
0x40009098,1,0,RG_DYNRXTX_ TR_TUNC_OVR_CTL
0x40009098,2,0,RG_DYNRXTX_ TR_TUNC_OVR_CTL
0x40009098,3,0,RG_DYNRXTX_ TR_TUNC_OVR_CTL
0x40009098,4,0,RG_DYNRXTX_LNA_RIN_OVR_CTL
0x40009098,5,0,RG_DYNRXTX_LNA_RIN_OVR_CTL
0x40009098,6,0,RG_DYNRXTX_LNA_RIN_OVR_CTL
0x40009098,7,0,reserved
0x40009098,8,0,RG_DYNRXTX_LNA_GC_OVR_CTL
0x40009098,9,0,RG_DYNRXTX_LNA_GC_OVR_CTL
0x40009098,10,0,RG_DYNRXTX_LNA_GC_OVR_CTL
0x40009098,11,0,RG_DYNRXTX_LNA_GC_OVR_CTL
0x40009098,12,0,RG_DYNRXTX_LNA_GC_OVR_CTL
0x40009098,13,0,RG_DYNRXTX_LNA_GC_OVR_CTL
0x40009098,14,0,RG_DYNRXTX_IBOOST_LNA_OVR_CTL
0x40009098,15,0,reserved
0x40009098,16,0,RG_DYNRXTX_RXFILT_C2A_OVR_CTL
0x40009098,17,0,RG_DYNRXTX_RXFILT_C2A_OVR_CTL
0x40009098,18,0,RG_DYNRXTX_RXFILT_C2A_OVR_CTL
0x40009098,19,0,RG_DYNRXTX_RXFILT_C2A_OVR_CTL
0x40009098,20,0,RG_DYNRXTX_RXFILT_C2A_OVR_CTL
0x40009098,21,0,RG_DYNRXTX_RXFILT_C2A_OVR_CTL
0x40009098,22,0,RG_DYNRXTX_RXFILT_C2A_OVR_CTL
0x40009098,23,0,RG_DYNRXTX_RXFILT_C2A_OVR_CTL
0x40009098,24,0,RG_DYNRXTX_RXFILT_R2A_OVR_CTL
0x40009098,25,0,RG_DYNRXTX_RXFILT_R2A_OVR_CTL
0x40009098,26,0,RG_DYNRXTX_RXFILT_R2A_OVR_CTL
0x40009098,27,0,RG_DYNRXTX_RXFILT_R2A_OVR_CTL
0x40009098,28,0,RG_DYNRXTX_RXFILT_R2A_OVR_CTL
0x40009098,29,0,RG_DYNRXTX_RXFILT_R2A_OVR_CTL
0x40009098,30,0,RG_DYNRXTX_RXFILT_R2A_OVR_CTL
0x40009098,31,0,reserved
0x400090a0,0,0,RG_DYNRXTX_RXFILT_RX_OVR_CTL
0x400090a0,1,0,RG_DYNRXTX_RXFILT_RX_OVR_CTL
0x400090a0,2,0,RG_DYNRXTX_RXFILT_RX_OVR_CTL
0x400090a0,3,0,RG_DYNRXTX_RXFILT_RX_OVR_CTL
0x400090a0,4,0,RG_DYNRXTX_RXFILT_RX_OVR_CTL
0x400090a0,5,0,RG_DYNRXTX_RXFILT_RX_OVR_CTL
0x400090a0,6,0,RG_DYNRXTX_POLY_GC_OVR_CTL
0x400090a0,7,0,RG_DYNRXTX_POLY_GC_OVR_CTL
0x400090a0,8,0,RG_DYNRXTX_RXFILT_R1B_OVR_CTL
0x400090a0,9,0,RG_DYNRXTX_RXFILT_R1B_OVR_CTL
0x400090a0,10,0,RG_DYNRXTX_RXFILT_R1B_OVR_CTL
0x400090a0,11,0,RG_DYNRXTX_RXFILT_R1B_OVR_CTL
0x400090a0,12,0,RG_DYNRXTX_RXFILT_R1B_OVR_CTL
0x400090a0,13,0,reserved
0x400090a0,14,0,reserved
0x400090a0,15,0,reserved
0x400090a0,16,0,RG_DYNRXTX_RXFILT_RF_OVR_CTL
0x400090a0,17,0,RG_DYNRXTX_RXFILT_RF_OVR_CTL
0x400090a0,18,0,RG_DYNRXTX_RXFILT_RF_OVR_CTL
0x400090a0,19,0,RG_DYNRXTX_RXFILT_RF_OVR_CTL
0x400090a0,20,0,RG_DYNRXTX_RXFILT_RF_OVR_CTL
0x400090a0,21,0,RG_DYNRXTX_RXFILT_RF_OVR_CTL
0x400090a0,22,0,RG_DYNRXTX_RXFILT_RF_OVR_CTL
0x400090a0,23,0,reserved
0x400090a0,24,0,reserved
0x400090a0,25,0,reserved
0x400090a0,26,0,reserved
0x400090a0,27,0,reserved
0x400090a0,28,0,reserved
0x400090a0,29,0,reserved
0x400090a0,30,0,reserved
0x400090a0,31,0,reserved
0x400090a4,0,0,RG_DYNRXTX_RX_TX_EN_OVR_CTL
0x400090a4,1,0,RG_DYNRXTX_RXFILT_ENX_OVR_CTL
0x400090a4,2,0,RG_DYNRXTX_RXFILT_EN_ST2_OVR_CTL
0x400090a4,3,0,RG_DYNRXTX_TX_SP2T_TXON_OVR_CTL
0x400090a4,4,0,RG_DYNRXTX_TX_SP2T_RXON_OVR_CTL
0x400090a4,5,1,RG_DYNRXTX_LORX_EN_OVR_CTL
0x400090a4,6,0,RG_ DYNRXTX_LO_BLETX_EN_OVR_CTL
0x400090a4,7,0,RG_DYN_MODE_TRX_SPARE5_OVR_CTL
0x400090a4,8,0,RG_DYN_MODE_TRX_SPARE6_OVR_CTL
0x400090a4,9,0,RG_DYN_MODE_TRX_SPARE7_OVR_CTL
0x400090a4,10,0,reserved
0x400090a4,11,0,reserved
0x400090a4,12,0,reserved
0x400090a4,13,0,reserved
0x400090a4,14,0,reserved
0x400090a4,15,0,reserved
0x400090a4,16,0,reserved
0x400090a4,17,0,reserved
0x400090a4,18,0,reserved
0x400090a4,19,0,reserved
0x400090a4,20,0,reserved
0x400090a4,21,0,reserved
0x400090a4,22,0,reserved
0x400090a4,23,0,reserved
0x400090a4,24,0,reserved
0x400090a4,25,0,reserved
0x400090a4,26,0,reserved
0x400090a4,27,0,reserved
0x400090a4,28,0,reserved
0x400090a4,29,0,reserved
0x400090a4,30,0,reserved
0x400090a4,31,0,reserved
0x400090a8,0,0,reserved
0x400090a8,1,0,RG_RX_DCOCI_POL_OVR_CTL
0x400090a8,2,0,RG_RX_DCOCI_ITUNE_OVR_CTL
0x400090a8,3,0,RG_RX_DCOCI_ITUNE_OVR_CTL
0x400090a8,4,0,RG_RX_DCOCI_ITUNE_OVR_CTL
0x400090a8,5,0,RG_RX_DCOCI_ITUNE_OVR_CTL
0x400090a8,6,0,RG_RX_DCOCI_ITUNE_OVR_CTL
0x400090a8,7,0,RG_RX_DCOCI_ITUNE_OVR_CTL
0x400090a8,8,0,reserved
0x400090a8,9,0,reserved
0x400090a8,10,0,reserved
0x400090a8,11,0,reserved
0x400090a8,12,0,reserved
0x400090a8,13,0,reserved
0x400090a8,14,0,reserved
0x400090a8,15,0,reserved
0x400090a8,16,0,RG_RX_DCOCQ_POL_OVR_CTL
0x400090a8,17,0,RG_RX_DCOCQ_ITUNE_OVR_CTL
0x400090a8,18,0,RG_RX_DCOCQ_ITUNE_OVR_CTL
0x400090a8,19,0,RG_RX_DCOCQ_ITUNE_OVR_CTL
0x400090a8,20,0,RG_RX_DCOCQ_ITUNE_OVR_CTL
0x400090a8,21,0,RG_RX_DCOCQ_ITUNE_OVR_CTL
0x400090a8,22,0,RG_RX_DCOCQ_ITUNE_OVR_CTL
0x400090a8,23,0,reserved
0x400090a8,24,0,reserved
0x400090a8,25,0,reserved
0x400090a8,26,0,reserved
0x400090a8,27,0,reserved
0x400090a8,28,0,reserved
0x400090a8,29,0,reserved
0x400090a8,30,0,reserved
0x400090a8,31,0,reserved
0x400090ac,0,0,RG_RSSI_IPATH
0x400090ac,1,0,RG_RSSI_QPATH
0x400090ac,2,0,RG_RSSI_MODE
0x400090ac,3,0,reserved
0x400090ac,4,0,reserved
0x400090ac,5,0,reserved
0x400090ac,6,0,reserved
0x400090ac,7,0,reserved
0x400090ac,8,0,reserved
0x400090ac,9,0,reserved
0x400090ac,10,0,reserved
0x400090ac,11,0,reserved
0x400090ac,12,0,reserved
0x400090ac,13,0,reserved
0x400090ac,14,0,reserved
0x400090ac,15,0,reserved
0x400090ac,16,0,reserved
0x400090ac,17,0,reserved
0x400090ac,18,0,reserved
0x400090ac,19,0,reserved
0x400090ac,20,0,reserved
0x400090ac,21,0,reserved
0x400090ac,22,0,reserved
0x400090ac,23,0,reserved
0x400090ac,24,0,reserved
0x400090ac,25,0,reserved
0x400090ac,26,0,reserved
0x400090ac,27,0,reserved
0x400090ac,28,0,reserved
0x400090ac,29,0,reserved
0x400090ac,30,0,reserved
0x400090ac,31,0,reserved
0x400090c0,0,0,RG_FREQCOMP_CTL
0x400090c0,1,0,RG_FREQCOMP_CTL
0x400090c0,2,0,reserved
0x400090c0,3,0,reserved
0x400090c0,4,0,reserved
0x400090c0,5,0,reserved
0x400090c0,6,0,reserved
0x400090c0,7,0,reserved
0x400090c0,8,0,reserved
0x400090c0,9,0,reserved
0x400090c0,10,0,reserved
0x400090c0,11,0,reserved
0x400090c0,12,0,reserved
0x400090c0,13,0,reserved
0x400090c0,14,0,reserved
0x400090c0,15,0,reserved
0x400090c0,16,0,reserved
0x400090c0,17,0,reserved
0x400090c0,18,0,reserved
0x400090c0,19,0,reserved
0x400090c0,20,0,reserved
0x400090c0,21,0,reserved
0x400090c0,22,0,reserved
0x400090c0,23,0,reserved
0x400090c0,24,0,reserved
0x400090c0,25,0,reserved
0x400090c0,26,0,reserved
0x400090c0,27,0,reserved
0x400090c0,28,0,reserved
0x400090c0,29,0,reserved
0x400090c0,30,0,reserved
0x400090c0,31,0,reserved
0x400090c4,0,0,RG_COUNT_XTAL
0x400090c4,1,0,RG_COUNT_XTAL
0x400090c4,2,0,RG_COUNT_XTAL
0x400090c4,3,0,RG_COUNT_XTAL
0x400090c4,4,0,RG_COUNT_XTAL
0x400090c4,5,0,RG_COUNT_XTAL
0x400090c4,6,0,RG_COUNT_XTAL
0x400090c4,7,0,RG_COUNT_XTAL
0x400090c4,8,0,RG_COUNT_XTAL
0x400090c4,9,0,RG_COUNT_XTAL
0x400090c4,10,0,RG_COUNT_XTAL
0x400090c4,11,0,RG_COUNT_XTAL
0x400090c4,12,0,RG_COUNT_XTAL
0x400090c4,13,0,RG_COUNT_XTAL
0x400090c4,14,0,reserved
0x400090c4,15,0,reserved
0x400090c4,16,0,RG_COUNT_RC
0x400090c4,17,0,RG_COUNT_RC
0x400090c4,18,0,RG_COUNT_RC
0x400090c4,19,0,RG_COUNT_RC
0x400090c4,20,0,RG_COUNT_RC
0x400090c4,21,0,RG_COUNT_RC
0x400090c4,22,0,RG_COUNT_RC
0x400090c4,23,0,RG_COUNT_RC
0x400090c4,24,0,RG_COUNT_RC
0x400090c4,25,0,RG_COUNT_RC
0x400090c4,26,0,RG_COUNT_RC
0x400090c4,27,0,RG_COUNT_RC
0x400090c4,28,0,RG_COUNT_RC
0x400090c4,29,0,RG_COUNT_RC
0x400090c4,30,0,reserved
0x400090c4,31,0,reserved
0x400090c8,0,0,RG_XTAL_CLK_READY
0x400090c8,1,0,reserved
0x400090c8,2,0,reserved
0x400090c8,3,0,reserved
0x400090c8,4,0,reserved
0x400090c8,5,0,reserved
0x400090c8,6,0,reserved
0x400090c8,7,0,reserved
0x400090c8,8,0,reserved
0x400090c8,9,0,reserved
0x400090c8,10,0,reserved
0x400090c8,11,0,reserved
0x400090c8,12,0,reserved
0x400090c8,13,0,reserved
0x400090c8,14,0,reserved
0x400090c8,15,0,reserved
0x400090c8,16,0,reserved
0x400090c8,17,0,reserved
0x400090c8,18,0,reserved
0x400090c8,19,0,reserved
0x400090c8,20,0,reserved
0x400090c8,21,0,reserved
0x400090c8,22,0,reserved
0x400090c8,23,0,reserved
0x400090c8,24,0,reserved
0x400090c8,25,0,reserved
0x400090c8,26,0,reserved
0x400090c8,27,0,reserved
0x400090c8,28,0,reserved
0x400090c8,29,0,reserved
0x400090c8,30,0,reserved
0x400090c8,31,0,reserved
0x400090cc,0,0,RG_CONVSTB
0x400090cc,1,0,RG_PROG_FS
0x400090cc,2,0,RG_PROG_FS
0x400090cc,3,0,RG_PROG_FS
0x400090cc,4,0,reserved
0x400090cc,5,0,reserved
0x400090cc,6,0,reserved
0x400090cc,7,0,reserved
0x400090cc,8,0,reserved
0x400090cc,9,0,reserved
0x400090cc,10,0,reserved
0x400090cc,11,0,reserved
0x400090cc,12,0,reserved
0x400090cc,13,0,reserved
0x400090cc,14,0,reserved
0x400090cc,15,0,reserved
0x400090cc,16,0,reserved
0x400090cc,17,0,reserved
0x400090cc,18,0,reserved
0x400090cc,19,0,reserved
0x400090cc,20,0,reserved
0x400090cc,21,0,reserved
0x400090cc,22,0,reserved
0x400090cc,23,0,reserved
0x400090cc,24,0,reserved
0x400090cc,25,0,reserved
0x400090cc,26,0,reserved
0x400090cc,27,0,reserved
0x400090cc,28,0,reserved
0x400090cc,29,0,reserved
0x400090cc,30,0,reserved
0x400090cc,31,0,reserved
0x400090d0,0,0,RG_AUX_ADC_ECL_OUT
0x400090d0,1,0,RG_AUX_ADC_ECL_OUT
0x400090d0,2,0,RG_AUX_ADC_ECL_OUT
0x400090d0,3,0,RG_AUX_ADC_ECL_OUT
0x400090d0,4,0,RG_AUX_ADC_ECL_OUT
0x400090d0,5,0,RG_AUX_ADC_ECL_OUT
0x400090d0,6,0,RG_AUX_ADC_ECL_OUT
0x400090d0,7,0,RG_AUX_ADC_ECL_OUT
0x400090d0,8,0,RG_AUX_ADC_ECL_OUT
0x400090d0,9,0,RG_AUX_ADC_ECL_OUT
0x400090d0,10,0,reserved
0x400090d0,11,0,reserved
0x400090d0,12,0,reserved
0x400090d0,13,0,reserved
0x400090d0,14,0,reserved
0x400090d0,15,0,reserved
0x400090d0,16,0,RG_EOCB
0x400090d0,17,0,reserved
0x400090d0,18,0,reserved
0x400090d0,19,0,reserved
0x400090d0,20,0,reserved
0x400090d0,21,0,reserved
0x400090d0,22,0,reserved
0x400090d0,23,0,reserved
0x400090d0,24,0,reserved
0x400090d0,25,0,reserved
0x400090d0,26,0,reserved
0x400090d0,27,0,reserved
0x400090d0,28,0,reserved
0x400090d0,29,0,reserved
0x400090d0,30,0,reserved
0x400090d0,31,0,reserved
0x400090d4,0,0,RG_START
0x400090d4,1,0,reserved
0x400090d4,2,0,reserved
0x400090d4,3,0,reserved
0x400090d4,4,0,reserved
0x400090d4,5,0,reserved
0x400090d4,6,0,reserved
0x400090d4,7,0,reserved
0x400090d4,8,0,reserved
0x400090d4,9,0,reserved
0x400090d4,10,0,reserved
0x400090d4,11,0,reserved
0x400090d4,12,0,reserved
0x400090d4,13,0,reserved
0x400090d4,14,0,reserved
0x400090d4,15,0,reserved
0x400090d4,16,0,reserved
0x400090d4,17,0,reserved
0x400090d4,18,0,reserved
0x400090d4,19,0,reserved
0x400090d4,20,0,reserved
0x400090d4,21,0,reserved
0x400090d4,22,0,reserved
0x400090d4,23,0,reserved
0x400090d4,24,0,reserved
0x400090d4,25,0,reserved
0x400090d4,26,0,reserved
0x400090d4,27,0,reserved
0x400090d4,28,0,reserved
0x400090d4,29,0,reserved
0x400090d4,30,0,reserved
0x400090d4,31,0,reserved
0x400090d8,0,0,RG_COUNT_CYCLE
0x400090d8,1,0,RG_COUNT_CYCLE
0x400090d8,2,1,RG_COUNT_CYCLE
0x400090d8,3,1,RG_COUNT_CYCLE
0x400090d8,4,0,RG_COUNT_CYCLE
0x400090d8,5,1,RG_COUNT_CYCLE
0x400090d8,6,0,RG_COUNT_CYCLE
0x400090d8,7,0,RG_COUNT_CYCLE
0x400090d8,8,1,RG_COUNT_CYCLE
0x400090d8,9,0,RG_COUNT_CYCLE
0x400090d8,10,0,RG_COUNT_CYCLE
0x400090d8,11,0,reserved
0x400090d8,12,0,reserved
0x400090d8,13,0,reserved
0x400090d8,14,0,reserved
0x400090d8,15,0,reserved
0x400090d8,16,0,reserved
0x400090d8,17,0,reserved
0x400090d8,18,0,reserved
0x400090d8,19,0,reserved
0x400090d8,20,0,reserved
0x400090d8,21,0,reserved
0x400090d8,22,0,reserved
0x400090d8,23,0,reserved
0x400090d8,24,0,reserved
0x400090d8,25,0,reserved
0x400090d8,26,0,reserved
0x400090d8,27,0,reserved
0x400090d8,28,0,reserved
0x400090d8,29,0,reserved
0x400090d8,30,0,reserved
0x400090d8,31,0,reserved
0x400090dc,0,0,RG_FREQ_CAL
0x400090dc,1,0,RG_FREQ_CAL
0x400090dc,2,0,RG_FREQ_CAL
0x400090dc,3,0,RG_FREQ_CAL
0x400090dc,4,0,RG_FREQ_CAL
0x400090dc,5,0,RG_FREQ_CAL
0x400090dc,6,0,RG_FREQ_CAL
0x400090dc,7,0,RG_FREQ_CAL
0x400090dc,8,0,RG_FREQ_CAL
0x400090dc,9,0,RG_FREQ_CAL
0x400090dc,10,0,RG_FREQ_CAL
0x400090dc,11,0,RG_FREQ_CAL
0x400090dc,12,0,RG_FREQ_CAL
0x400090dc,13,0,RG_FREQ_CAL
0x400090dc,14,0,RG_FREQ_CAL
0x400090dc,15,0,RG_RESULT_READY
0x400090dc,16,0,reserved
0x400090dc,17,0,reserved
0x400090dc,18,0,reserved
0x400090dc,19,0,reserved
0x400090dc,20,0,reserved
0x400090dc,21,0,reserved
0x400090dc,22,0,reserved
0x400090dc,23,0,reserved
0x400090dc,24,0,reserved
0x400090dc,25,0,reserved
0x400090dc,26,0,reserved
0x400090dc,27,0,reserved
0x400090dc,28,0,reserved
0x400090dc,29,0,reserved
0x400090dc,30,0,reserved
0x400090dc,31,0,reserved
0x400090e0,0,0,RG_NL_REDO_EN
0x400090e0,1,0,RG_NL_SW_SET
0x400090e0,2,0,reserved
0x400090e0,3,0,reserved
0x400090e0,4,0,RG_NL_SW_COARSE
0x400090e0,5,0,RG_NL_SW_COARSE
0x400090e0,6,0,RG_NL_SW_COARSE
0x400090e0,7,0,reserved
0x400090e0,8,0,RG_NL_SW_MED
0x400090e0,9,0,RG_NL_SW_MED
0x400090e0,10,0,RG_NL_SW_MED
0x400090e0,11,0,reserved
0x400090e0,12,0,RG_NL_SW_FINE
0x400090e0,13,0,RG_NL_SW_FINE
0x400090e0,14,0,RG_NL_SW_FINE
0x400090e0,15,0,RG_NL_RESET_N
0x400090e0,16,0,reserved
0x400090e0,17,0,reserved
0x400090e0,18,0,reserved
0x400090e0,19,0,reserved
0x400090e0,20,0,reserved
0x400090e0,21,0,reserved
0x400090e0,22,0,reserved
0x400090e0,23,0,reserved
0x400090e0,24,0,reserved
0x400090e0,25,0,reserved
0x400090e0,26,0,reserved
0x400090e0,27,0,reserved
0x400090e0,28,0,reserved
0x400090e0,29,0,reserved
0x400090e0,30,0,reserved
0x400090e0,31,0,reserved
0x400090e4,0,0,RG_NL_COARS_STATIC
0x400090e4,1,0,RG_NL_COARS_STATIC
0x400090e4,2,0,RG_NL_COARS_STATIC
0x400090e4,3,0,RG_NL_COARS_STATIC
0x400090e4,4,0,RG_NL_MED_STATIC
0x400090e4,5,0,RG_NL_MED_STATIC
0x400090e4,6,0,RG_NL_MED_STATIC
0x400090e4,7,0,RG_NL_MED_STATIC
0x400090e4,8,0,RG_NL_FINE_STATIC
0x400090e4,9,0,RG_NL_FINE_STATIC
0x400090e4,10,0,RG_NL_FINE_STATIC
0x400090e4,11,0,RG_NL_FINE_STATIC
0x400090e4,12,0,RG_NL_CAL_DONE
0x400090e4,13,0,reserved
0x400090e4,14,0,reserved
0x400090e4,15,0,reserved
0x400090e4,16,0,reserved
0x400090e4,17,0,reserved
0x400090e4,18,0,reserved
0x400090e4,19,0,reserved
0x400090e4,20,0,reserved
0x400090e4,21,0,reserved
0x400090e4,22,0,reserved
0x400090e4,23,0,reserved
0x400090e4,24,0,reserved
0x400090e4,25,0,reserved
0x400090e4,26,0,reserved
0x400090e4,27,0,reserved
0x400090e4,28,0,reserved
0x400090e4,29,0,reserved
0x400090e4,30,0,reserved
0x400090e4,31,0,reserved
0x400090e8,0,0,RG_DIG_WRAP_DBG_MUX_SEL
0x400090e8,1,0,RG_DIG_WRAP_DBG_MUX_SEL
0x400090e8,2,0,reserved
0x400090e8,3,0,reserved
0x400090e8,4,0,reserved
0x400090e8,5,0,reserved
0x400090e8,6,0,reserved
0x400090e8,7,0,reserved
0x400090e8,8,0,reserved
0x400090e8,9,0,reserved
0x400090e8,10,0,reserved
0x400090e8,11,0,reserved
0x400090e8,12,0,reserved
0x400090e8,13,0,reserved
0x400090e8,14,0,reserved
0x400090e8,15,0,reserved
0x400090e8,16,0,DIG_RF_WRAP_DBG_O
0x400090e8,17,0,DIG_RF_WRAP_DBG_O
0x400090e8,18,0,DIG_RF_WRAP_DBG_O
0x400090e8,19,0,DIG_RF_WRAP_DBG_O
0x400090e8,20,0,DIG_RF_WRAP_DBG_O
0x400090e8,21,0,DIG_RF_WRAP_DBG_O
0x400090e8,22,0,DIG_RF_WRAP_DBG_O
0x400090e8,23,0,DIG_RF_WRAP_DBG_O
0x400090e8,24,0,DIG_RF_WRAP_DBG_O
0x400090e8,25,0,DIG_RF_WRAP_DBG_O
0x400090e8,26,0,DIG_RF_WRAP_DBG_O
0x400090e8,27,0,DIG_RF_WRAP_DBG_O
0x400090e8,28,0,DIG_RF_WRAP_DBG_O
0x400090e8,29,0,DIG_RF_WRAP_DBG_O
0x400090e8,30,0,DIG_RF_WRAP_DBG_O
0x400090e8,31,0,DIG_RF_WRAP_DBG_O
0x400090ec,0,0,RG_RF_SPARE_IO_RW_IDAC_FOR_BTLO_LP_PATH
0x400090ec,1,0,RG_RF_SPARE_IO_RW_IDAC_FOR_BTLO_LP_PATH
0x400090ec,2,0,RG_RF_SPARE_IO_RW_IDAC_FOR_BTLO_LP_PATH
0x400090ec,3,0,RG_RF_SPARE_IO_RW_IDAC_FOR_BTLO_LP_PATH
0x400090ec,4,0,RG_RF_SPARE_IO_RW_VCO_LOOP_ITUNE_IDAC
0x400090ec,5,0,RG_RF_SPARE_IO_RW_VCO_LOOP_ITUNE_IDAC
0x400090ec,6,0,RG_RF_SPARE_IO_RW_VCO_LOOP_ITUNE_IDAC
0x400090ec,7,0,RG_RF_SPARE_IO_RW_VCO_LOOP_ITUNE_IDAC
0x400090ec,8,0,RG_RF_SPARE_IO_RW_CK_OUT_BUF_CTRL
0x400090ec,9,0,RG_RF_SPARE_IO_RW_CK_OUT_BUF_CTRL
0x400090ec,10,0,RG_RF_SPARE_IO_RW_CK_DIV_BUF_CTRL
0x400090ec,11,0,RG_RF_SPARE_IO_RW_CK_DIV_BUF_CTRL
0x400090ec,12,0,RG_RF_SPARE_IO_RW_NOT_USED
0x400090ec,13,0,RG_RF_SPARE_IO_RW_WIFI_TX_LO_DRV_STRENGTH_CTRL
0x400090ec,14,0,RG_RF_SPARE_IO_RW_LDO_FOR_LPPA_VALUE_CTRL
0x400090ec,15,0,RG_RF_SPARE_IO_RW_LDO_FOR_LPPA_VALUE_CTRL
0x400090ec,16,0,RG_RF_SPARE_IO_R
0x400090ec,17,0,RG_RF_SPARE_IO_R
0x400090ec,18,0,RG_RF_SPARE_IO_R
0x400090ec,19,0,RG_RF_SPARE_IO_R
0x400090ec,20,0,RG_RF_SPARE_IO_R
0x400090ec,21,0,RG_RF_SPARE_IO_R
0x400090ec,22,0,RG_RF_SPARE_IO_R
0x400090ec,23,0,RG_RF_SPARE_IO_R
0x400090ec,24,0,RG_RF_SPARE_IO_R
0x400090ec,25,0,RG_RF_SPARE_IO_R
0x400090ec,26,0,RG_RF_SPARE_IO_R
0x400090ec,27,0,RG_RF_SPARE_IO_R
0x400090ec,28,0,RG_RF_SPARE_IO_R
0x400090ec,29,0,RG_RF_SPARE_IO_R
0x400090ec,30,0,RG_RF_SPARE_IO_R
0x400090ec,31,0,RG_RF_SPARE_IO_R
0x400090f0,0,0,ID_RF
0x400090f0,1,0,ID_RF
0x400090f0,2,0,ID_RF
0x400090f0,3,0,ID_RF
0x400090f0,4,0,ID_RF
0x400090f0,5,0,ID_RF
0x400090f0,6,0,ID_RF
0x400090f0,7,0,ID_RF
0x400090f0,8,0,ID_RF
0x400090f0,9,0,ID_RF
0x400090f0,10,0,ID_RF
0x400090f0,11,0,ID_RF
0x400090f0,12,0,ID_RF
0x400090f0,13,0,ID_RF
0x400090f0,14,0,ID_RF
0x400090f0,15,0,ID_RF
0x400090f0,16,0,ID_RF
0x400090f0,17,0,ID_RF
0x400090f0,18,0,ID_RF
0x400090f0,19,0,ID_RF
0x400090f0,20,0,ID_RF
0x400090f0,21,0,ID_RF
0x400090f0,22,0,ID_RF
0x400090f0,23,0,ID_RF
0x400090f0,24,0,ID_RF
0x400090f0,25,0,ID_RF
0x400090f0,26,0,ID_RF
0x400090f0,27,0,ID_RF
0x400090f0,28,0,ID_RF
0x400090f0,29,0,ID_RF
0x400090f0,30,0,ID_RF
0x400090f0,31,0,ID_RF
0x400090f4,0,0,ID_SM
0x400090f4,1,0,ID_SM
0x400090f4,2,0,ID_SM
0x400090f4,3,0,ID_SM
0x400090f4,4,0,ID_SM
0x400090f4,5,0,ID_SM
0x400090f4,6,0,ID_SM
0x400090f4,7,0,ID_SM
0x400090f4,8,0,ID_SM
0x400090f4,9,0,ID_SM
0x400090f4,10,0,ID_SM
0x400090f4,11,0,ID_SM
0x400090f4,12,0,ID_SM
0x400090f4,13,0,ID_SM
0x400090f4,14,0,ID_SM
0x400090f4,15,0,ID_SM
0x400090f4,16,0,ID_SM
0x400090f4,17,0,ID_SM
0x400090f4,18,0,ID_SM
0x400090f4,19,0,ID_SM
0x400090f4,20,0,ID_SM
0x400090f4,21,0,ID_SM
0x400090f4,22,0,ID_SM
0x400090f4,23,0,ID_SM
0x400090f4,24,0,ID_SM
0x400090f4,25,0,ID_SM
0x400090f4,26,0,ID_SM
0x400090f4,27,0,ID_SM
0x400090f4,28,0,ID_SM
0x400090f4,29,0,ID_SM
0x400090f4,30,0,ID_SM
0x400090f4,31,0,ID_SM
